start,stop,comment
2026-02-01T13:22,2026-02-01T16:08,
2026-02-03T05:04,2026-02-03T07:49,
2026-02-03T13:21,2026-02-03T16:07,
2026-02-04T13:21,2026-02-04T16:07,
2026-02-07T05:06,2026-02-07T07:50,
2026-02-07T13:20,2026-02-07T16:06,
2026-02-11T05:08,2026-02-11T07:51,
2026-02-19T05:11,2026-02-19T07:53,
2026-02-26T05:14,2026-02-26T10:35,
2026-02-28T10:34,2026-02-28T15:55,
2026-03-01T10:34,2026-03-01T13:14,
2026-03-06T05:16,2026-03-06T10:33,
2026-03-08T13:10,2026-03-08T15:49,
2026-03-21T05:21,2026-03-21T07:55,
2026-03-26T07:54,2026-03-26T15:33,
2026-03-29T05:23,2026-03-29T07:54,
2026-04-01T05:24,2026-04-01T07:55,
2026-04-22T05:31,2026-04-22T10:20,
2026-04-28T05:34,2026-04-28T10:19,
2026-05-09T10:19,2026-05-09T14:58,
2026-05-18T05:43,2026-05-18T10:18,
2026-05-26T05:47,2026-05-26T10:19,
2026-06-16T10:22,2026-06-16T12:35,
2026-06-16T12:35,2026-06-16T14:49,
2026-06-20T05:57,2026-06-20T08:10,
2026-06-21T08:10,2026-06-21T10:23,
2026-06-21T10:23,2026-06-21T14:50,
2026-06-22T05:57,2026-06-22T08:10,
2026-06-26T05:58,2026-06-26T10:24,
2026-07-05T05:59,2026-07-05T08:12,
2026-07-06T10:26,2026-07-06T12:40,
2026-07-18T10:28,2026-07-18T15:00,
2026-07-19T12:44,2026-07-19T15:00,
2026-07-21T10:28,2026-07-21T15:01,
2026-07-22T10:28,2026-07-22T15:02,
2026-07-27T10:28,2026-07-27T15:04,
