url,program_code,PI
https://docs.google.com/spreadsheets/d/1ea8M7mW_a4MIXq7ga5AamSH6oQEiCBfHz9KneDeDIIQ/edit?gid=0#gid=0,2026B_N144,Lauren Weiss
https://docs.google.com/spreadsheets/d/1EdnbrYBBXe7LRS7J_47QIIK4rjBovvj6ZtVJnaQVwAQ/edit?gid=0#gid=0,2026B_D466,Lauren Weiss
https://docs.google.com/spreadsheets/d/1CaDsYwwXP47So64YT8tV7Op6qw6SPGMF8A2rjB9yMEI/edit?gid=0#gid=0,2026B_U252,Erik Petigura
https://docs.google.com/spreadsheets/d/1TmngsueKVh1BLy2RhPLRhWYGnO8yTBjUHUFW-iXyNNk/edit?gid=0#gid=0,2026B_C275,Heather Knutson
https://docs.google.com/spreadsheets/d/1IhCrgXITUMBBRabbTTCf9wInZaWgBVLkqe_a6ZhhGsc/edit?gid=0#gid=0,2026B_N062,Howard Isaacson
https://docs.google.com/spreadsheets/d/1-di4KWhtAu91FKENR9NuuBFUpnJGCDk2bOA9lvbWgkc/edit?gid=0#gid=0,2026B_H402,Daniel Huber
https://docs.google.com/spreadsheets/d/1ZwheyQljCrgYRPprjnhSWoIQlrl2n3VUlcpC5upnR2k/edit?gid=0#gid=0,2026B_U258,Ryan Foley
https://docs.google.com/spreadsheets/d/1caeENpBcu5pvqeaNaPViqt0lfZDXe0SEJvnHenXwYZ4/edit?usp=sharing,2026B_Y063,Melana Rice
https://docs.google.com/spreadsheets/d/1f-STtc2IucrdAvBxiLeBuIufQYA-2-_iPopbn7r-zOI/edit?usp=sharing,2026B_N040,Joshua Winn
