night_index,date,clear,visits_tonight,elapsed_s,shortfall_gap,shortfall_s,shortfall_objective,shortfall_optimal,balance_gap,balance_s,prioritize_gap,prioritize_s,fill-empty_gap,fill-empty_s,fill-current-day_gap,fill-current-day_s,program,awarded_hr,requested_hr,past_hr,proj_hr,fill,maff,fsf,fsf_frozen
0,2026-08-01,True,109,740,0.0,115,1001.0,True,0.62,300,720.49,60,1.0,60,0.0,10,2026B_C275,33.2,42.1,0.0,33.1,1.0,1.0,0.0,0.0
0,2026-08-01,True,109,740,0.0,115,1001.0,True,0.62,300,720.49,60,1.0,60,0.0,10,2026B_C362,0.0,0.0,0.0,0.0,0.0,0.0,0.0,0.0
0,2026-08-01,True,109,740,0.0,115,1001.0,True,0.62,300,720.49,60,1.0,60,0.0,10,2026B_D466,9.5,11.1,0.0,9.6,1.0,1.0,0.0,0.0
0,2026-08-01,True,109,740,0.0,115,1001.0,True,0.62,300,720.49,60,1.0,60,0.0,10,2026B_E475,600.0,0.0,0.0,0.0,0.0,0.0,0.0,0.0
0,2026-08-01,True,109,740,0.0,115,1001.0,True,0.62,300,720.49,60,1.0,60,0.0,10,2026B_H402,10.7,14.4,0.0,11.4,1.06,1.0,0.0,0.0
0,2026-08-01,True,109,740,0.0,115,1001.0,True,0.62,300,720.49,60,1.0,60,0.0,10,2026B_N040,5.4,7.0,0.0,5.4,1.0,1.0,0.0,0.0
0,2026-08-01,True,109,740,0.0,115,1001.0,True,0.62,300,720.49,60,1.0,60,0.0,10,2026B_N062,14.1,18.9,0.0,14.3,1.01,1.0,0.0,0.0
0,2026-08-01,True,109,740,0.0,115,1001.0,True,0.62,300,720.49,60,1.0,60,0.0,10,2026B_N144,25.5,30.7,0.0,25.6,1.0,1.0,0.0,0.0
0,2026-08-01,True,109,740,0.0,115,1001.0,True,0.62,300,720.49,60,1.0,60,0.0,10,2026B_U252,19.7,22.6,0.0,19.7,1.0,1.0,0.0,0.0
0,2026-08-01,True,109,740,0.0,115,1001.0,True,0.62,300,720.49,60,1.0,60,0.0,10,2026B_U258,36.1,36.5,0.0,25.7,0.71,0.71,0.0,0.0
0,2026-08-01,True,109,740,0.0,115,1001.0,True,0.62,300,720.49,60,1.0,60,0.0,10,2026B_Y063,10.3,14.8,0.0,10.9,1.06,1.0,0.0,0.0
1,2026-08-03,True,44,608,0.0,102,1001.0,True,0.0,249,0.195,60,0.429,60,0.0,7,2026B_C275,33.2,42.1,1.5,33.1,1.0,1.0,0.0,0.0
1,2026-08-03,True,44,608,0.0,102,1001.0,True,0.0,249,0.195,60,0.429,60,0.0,7,2026B_C362,0.0,0.0,0.0,0.0,0.0,0.0,0.0,0.0
1,2026-08-03,True,44,608,0.0,102,1001.0,True,0.0,249,0.195,60,0.429,60,0.0,7,2026B_D466,9.5,11.1,1.1,9.7,1.02,1.0,0.0,0.0
1,2026-08-03,True,44,608,0.0,102,1001.0,True,0.0,249,0.195,60,0.429,60,0.0,7,2026B_E475,600.0,0.0,0.0,0.0,0.0,0.0,0.0,0.0
1,2026-08-03,True,44,608,0.0,102,1001.0,True,0.0,249,0.195,60,0.429,60,0.0,7,2026B_H402,10.7,14.4,1.7,11.1,1.04,1.0,0.0,0.0
1,2026-08-03,True,44,608,0.0,102,1001.0,True,0.0,249,0.195,60,0.429,60,0.0,7,2026B_N040,5.4,7.0,0.0,5.4,1.0,1.0,0.0,0.0
1,2026-08-03,True,44,608,0.0,102,1001.0,True,0.0,249,0.195,60,0.429,60,0.0,7,2026B_N062,14.1,18.9,1.2,14.3,1.01,1.0,0.0,0.0
1,2026-08-03,True,44,608,0.0,102,1001.0,True,0.0,249,0.195,60,0.429,60,0.0,7,2026B_N144,25.5,30.7,1.2,25.7,1.01,1.0,0.0,0.0
1,2026-08-03,True,44,608,0.0,102,1001.0,True,0.0,249,0.195,60,0.429,60,0.0,7,2026B_U252,19.7,22.6,1.8,20.0,1.01,1.0,0.0,0.0
1,2026-08-03,True,44,608,0.0,102,1001.0,True,0.0,249,0.195,60,0.429,60,0.0,7,2026B_U258,36.1,36.5,0.0,25.7,0.71,0.71,0.0,0.0
1,2026-08-03,True,44,608,0.0,102,1001.0,True,0.0,249,0.195,60,0.429,60,0.0,7,2026B_Y063,10.3,14.8,0.8,10.9,1.06,1.0,0.0,0.0
2,2026-08-05,False,58,692,0.002,139,1003.0,True,0.62,300,0.184,60,0.341,60,0.0,7,2026B_C275,33.2,42.1,2.5,33.1,1.0,1.0,0.0,0.0
2,2026-08-05,False,58,692,0.002,139,1003.0,True,0.62,300,0.184,60,0.341,60,0.0,7,2026B_C362,0.0,0.0,0.0,0.0,0.0,0.0,0.0,0.0
2,2026-08-05,False,58,692,0.002,139,1003.0,True,0.62,300,0.184,60,0.341,60,0.0,7,2026B_D466,9.5,11.1,1.9,9.7,1.01,1.0,0.0,0.0
2,2026-08-05,False,58,692,0.002,139,1003.0,True,0.62,300,0.184,60,0.341,60,0.0,7,2026B_E475,600.0,0.0,0.0,0.0,0.0,0.0,0.0,0.0
2,2026-08-05,False,58,692,0.002,139,1003.0,True,0.62,300,0.184,60,0.341,60,0.0,7,2026B_H402,10.7,14.4,2.7,11.3,1.05,1.0,0.0,0.0
2,2026-08-05,False,58,692,0.002,139,1003.0,True,0.62,300,0.184,60,0.341,60,0.0,7,2026B_N040,5.4,7.0,0.2,5.4,1.0,1.0,0.0,0.0
2,2026-08-05,False,58,692,0.002,139,1003.0,True,0.62,300,0.184,60,0.341,60,0.0,7,2026B_N062,14.1,18.9,1.9,14.3,1.02,1.0,0.0,0.0
2,2026-08-05,False,58,692,0.002,139,1003.0,True,0.62,300,0.184,60,0.341,60,0.0,7,2026B_N144,25.5,30.7,1.7,25.6,1.0,1.0,0.0,0.0
2,2026-08-05,False,58,692,0.002,139,1003.0,True,0.62,300,0.184,60,0.341,60,0.0,7,2026B_U252,19.7,22.6,2.3,19.7,1.0,1.0,0.0,0.0
2,2026-08-05,False,58,692,0.002,139,1003.0,True,0.62,300,0.184,60,0.341,60,0.0,7,2026B_U258,36.1,36.5,0.0,25.6,0.71,0.71,0.0,0.0
2,2026-08-05,False,58,692,0.002,139,1003.0,True,0.62,300,0.184,60,0.341,60,0.0,7,2026B_Y063,10.3,14.8,0.8,10.9,1.06,1.0,0.0,0.0
3,2026-08-06,True,69,692,0.0,144,1001.0,True,0.62,300,0.146,60,0.165,60,0.0,8,2026B_C275,33.2,42.1,2.5,33.1,1.0,1.0,0.0,0.0
3,2026-08-06,True,69,692,0.0,144,1001.0,True,0.62,300,0.146,60,0.165,60,0.0,8,2026B_C362,0.0,0.0,0.0,0.0,0.0,0.0,0.0,0.0
3,2026-08-06,True,69,692,0.0,144,1001.0,True,0.62,300,0.146,60,0.165,60,0.0,8,2026B_D466,9.5,11.1,1.9,9.5,1.0,1.0,0.0,0.0
3,2026-08-06,True,69,692,0.0,144,1001.0,True,0.62,300,0.146,60,0.165,60,0.0,8,2026B_E475,600.0,0.0,0.0,0.0,0.0,0.0,0.0,0.0
3,2026-08-06,True,69,692,0.0,144,1001.0,True,0.62,300,0.146,60,0.165,60,0.0,8,2026B_H402,10.7,14.4,2.7,11.2,1.04,1.0,0.0,0.0
3,2026-08-06,True,69,692,0.0,144,1001.0,True,0.62,300,0.146,60,0.165,60,0.0,8,2026B_N040,5.4,7.0,0.2,5.4,1.0,1.0,0.0,0.0
3,2026-08-06,True,69,692,0.0,144,1001.0,True,0.62,300,0.146,60,0.165,60,0.0,8,2026B_N062,14.1,18.9,1.9,14.2,1.01,1.0,0.0,0.0
3,2026-08-06,True,69,692,0.0,144,1001.0,True,0.62,300,0.146,60,0.165,60,0.0,8,2026B_N144,25.5,30.7,1.7,25.7,1.01,1.0,0.0,0.0
3,2026-08-06,True,69,692,0.0,144,1001.0,True,0.62,300,0.146,60,0.165,60,0.0,8,2026B_U252,19.7,22.6,2.3,19.7,1.0,1.0,0.0,0.0
3,2026-08-06,True,69,692,0.0,144,1001.0,True,0.62,300,0.146,60,0.165,60,0.0,8,2026B_U258,36.1,36.5,0.0,25.7,0.71,0.71,0.0,0.0
3,2026-08-06,True,69,692,0.0,144,1001.0,True,0.62,300,0.146,60,0.165,60,0.0,8,2026B_Y063,10.3,14.8,0.8,10.4,1.01,1.0,0.0,0.0
4,2026-08-10,True,57,658,0.0,109,1001.0,True,0.62,300,0.155,60,0.12,60,0.0,10,2026B_C275,33.2,42.1,4.0,33.1,1.0,1.0,0.0,0.0
4,2026-08-10,True,57,658,0.0,109,1001.0,True,0.62,300,0.155,60,0.12,60,0.0,10,2026B_C362,0.0,0.0,0.0,0.0,0.0,0.0,0.0,0.0
4,2026-08-10,True,57,658,0.0,109,1001.0,True,0.62,300,0.155,60,0.12,60,0.0,10,2026B_D466,9.5,11.1,1.9,9.5,1.0,1.0,0.0,0.0
4,2026-08-10,True,57,658,0.0,109,1001.0,True,0.62,300,0.155,60,0.12,60,0.0,10,2026B_E475,600.0,0.0,0.0,0.0,0.0,0.0,0.0,0.0
4,2026-08-10,True,57,658,0.0,109,1001.0,True,0.62,300,0.155,60,0.12,60,0.0,10,2026B_H402,10.7,14.4,3.7,11.1,1.04,1.0,0.0,0.0
4,2026-08-10,True,57,658,0.0,109,1001.0,True,0.62,300,0.155,60,0.12,60,0.0,10,2026B_N040,5.4,7.0,0.6,5.4,1.0,1.0,0.0,0.0
4,2026-08-10,True,57,658,0.0,109,1001.0,True,0.62,300,0.155,60,0.12,60,0.0,10,2026B_N062,14.1,18.9,3.0,14.4,1.02,1.0,0.0,0.0
4,2026-08-10,True,57,658,0.0,109,1001.0,True,0.62,300,0.155,60,0.12,60,0.0,10,2026B_N144,25.5,30.7,3.1,25.7,1.01,1.0,0.0,0.0
4,2026-08-10,True,57,658,0.0,109,1001.0,True,0.62,300,0.155,60,0.12,60,0.0,10,2026B_U252,19.7,22.6,3.1,19.7,1.0,1.0,0.0,0.0
4,2026-08-10,True,57,658,0.0,109,1001.0,True,0.62,300,0.155,60,0.12,60,0.0,10,2026B_U258,36.1,36.5,0.0,25.7,0.71,0.71,0.0,0.0
4,2026-08-10,True,57,658,0.0,109,1001.0,True,0.62,300,0.155,60,0.12,60,0.0,10,2026B_Y063,10.3,14.8,1.6,10.5,1.02,1.0,0.0,0.0
5,2026-08-14,True,103,742,0.0,180,986.0,True,0.62,300,0.168,66,0.106,60,0.0,5,2026B_C275,33.2,42.1,5.0,33.1,1.0,1.0,0.0,0.0
5,2026-08-14,True,103,742,0.0,180,986.0,True,0.62,300,0.168,66,0.106,60,0.0,5,2026B_C362,0.0,0.0,0.0,0.0,0.0,0.0,0.0,0.0
5,2026-08-14,True,103,742,0.0,180,986.0,True,0.62,300,0.168,66,0.106,60,0.0,5,2026B_D466,9.5,11.1,1.9,9.5,1.0,1.0,0.0,0.0
5,2026-08-14,True,103,742,0.0,180,986.0,True,0.62,300,0.168,66,0.106,60,0.0,5,2026B_E475,600.0,0.0,0.0,0.0,0.0,0.0,0.0,0.0
5,2026-08-14,True,103,742,0.0,180,986.0,True,0.62,300,0.168,66,0.106,60,0.0,5,2026B_H402,10.7,14.4,4.4,11.2,1.04,1.0,0.0,0.0
5,2026-08-14,True,103,742,0.0,180,986.0,True,0.62,300,0.168,66,0.106,60,0.0,5,2026B_N040,5.4,7.0,0.7,5.6,1.04,1.0,0.0,0.0
5,2026-08-14,True,103,742,0.0,180,986.0,True,0.62,300,0.168,66,0.106,60,0.0,5,2026B_N062,14.1,18.9,3.8,14.2,1.01,1.0,0.0,0.0
5,2026-08-14,True,103,742,0.0,180,986.0,True,0.62,300,0.168,66,0.106,60,0.0,5,2026B_N144,25.5,30.7,4.6,25.5,1.0,1.0,0.0,0.0
5,2026-08-14,True,103,742,0.0,180,986.0,True,0.62,300,0.168,66,0.106,60,0.0,5,2026B_U252,19.7,22.6,3.1,19.7,1.0,1.0,0.0,0.0
5,2026-08-14,True,103,742,0.0,180,986.0,True,0.62,300,0.168,66,0.106,60,0.0,5,2026B_U258,36.1,36.5,0.0,25.7,0.71,0.71,0.0,0.0
5,2026-08-14,True,103,742,0.0,180,986.0,True,0.62,300,0.168,66,0.106,60,0.0,5,2026B_Y063,10.3,14.8,2.2,10.5,1.02,1.0,0.0,0.0
6,2026-08-15,True,65,592,0.0,75,986.0,True,0.62,300,0.182,60,0.008,68,0.0,4,2026B_C275,33.2,42.1,5.0,33.1,1.0,1.0,0.0,0.0
6,2026-08-15,True,65,592,0.0,75,986.0,True,0.62,300,0.182,60,0.008,68,0.0,4,2026B_C362,0.0,0.0,0.0,0.0,0.0,0.0,0.0,0.0
6,2026-08-15,True,65,592,0.0,75,986.0,True,0.62,300,0.182,60,0.008,68,0.0,4,2026B_D466,9.5,11.1,1.9,9.5,1.0,1.0,0.0,0.0
6,2026-08-15,True,65,592,0.0,75,986.0,True,0.62,300,0.182,60,0.008,68,0.0,4,2026B_E475,600.0,0.0,0.0,0.0,0.0,0.0,0.0,0.0
6,2026-08-15,True,65,592,0.0,75,986.0,True,0.62,300,0.182,60,0.008,68,0.0,4,2026B_H402,10.7,14.4,4.4,11.0,1.03,1.0,0.0,0.0
6,2026-08-15,True,65,592,0.0,75,986.0,True,0.62,300,0.182,60,0.008,68,0.0,4,2026B_N040,5.4,7.0,0.7,5.4,1.01,1.0,0.0,0.0
6,2026-08-15,True,65,592,0.0,75,986.0,True,0.62,300,0.182,60,0.008,68,0.0,4,2026B_N062,14.1,18.9,3.8,14.2,1.01,1.0,0.0,0.0
6,2026-08-15,True,65,592,0.0,75,986.0,True,0.62,300,0.182,60,0.008,68,0.0,4,2026B_N144,25.5,30.7,4.6,26.2,1.03,1.0,0.0,0.0
6,2026-08-15,True,65,592,0.0,75,986.0,True,0.62,300,0.182,60,0.008,68,0.0,4,2026B_U252,19.7,22.6,3.1,20.0,1.01,1.0,0.0,0.0
6,2026-08-15,True,65,592,0.0,75,986.0,True,0.62,300,0.182,60,0.008,68,0.0,4,2026B_U258,36.1,36.5,0.0,25.5,0.71,0.71,0.0,0.0
6,2026-08-15,True,65,592,0.0,75,986.0,True,0.62,300,0.182,60,0.008,68,0.0,4,2026B_Y063,10.3,14.8,2.2,10.5,1.02,1.0,0.0,0.0
7,2026-08-16,True,81,420,0.001,62,987.0,True,0.0,155,0.235,60,0.046,60,0.0,4,2026B_C275,33.2,42.1,7.0,33.1,1.0,1.0,0.0,0.0
7,2026-08-16,True,81,420,0.001,62,987.0,True,0.0,155,0.235,60,0.046,60,0.0,4,2026B_C362,0.0,0.0,0.0,0.0,0.0,0.0,0.0,0.0
7,2026-08-16,True,81,420,0.001,62,987.0,True,0.0,155,0.235,60,0.046,60,0.0,4,2026B_D466,9.5,11.1,2.4,9.5,1.0,1.0,0.0,0.0
7,2026-08-16,True,81,420,0.001,62,987.0,True,0.0,155,0.235,60,0.046,60,0.0,4,2026B_E475,600.0,0.0,0.0,0.0,0.0,0.0,0.0,0.0
7,2026-08-16,True,81,420,0.001,62,987.0,True,0.0,155,0.235,60,0.046,60,0.0,4,2026B_H402,10.7,14.4,6.3,11.0,1.03,1.0,0.0,0.0
7,2026-08-16,True,81,420,0.001,62,987.0,True,0.0,155,0.235,60,0.046,60,0.0,4,2026B_N040,5.4,7.0,1.7,5.4,1.01,1.0,0.0,0.0
7,2026-08-16,True,81,420,0.001,62,987.0,True,0.0,155,0.235,60,0.046,60,0.0,4,2026B_N062,14.1,18.9,5.1,14.1,1.0,1.0,0.0,0.0
7,2026-08-16,True,81,420,0.001,62,987.0,True,0.0,155,0.235,60,0.046,60,0.0,4,2026B_N144,25.5,30.7,6.8,26.3,1.03,1.0,0.0,0.0
7,2026-08-16,True,81,420,0.001,62,987.0,True,0.0,155,0.235,60,0.046,60,0.0,4,2026B_U252,19.7,22.6,3.3,20.5,1.04,1.0,0.0,0.0
7,2026-08-16,True,81,420,0.001,62,987.0,True,0.0,155,0.235,60,0.046,60,0.0,4,2026B_U258,36.1,36.5,0.0,25.5,0.71,0.71,0.0,0.0
7,2026-08-16,True,81,420,0.001,62,987.0,True,0.0,155,0.235,60,0.046,60,0.0,4,2026B_Y063,10.3,14.8,2.6,10.5,1.02,1.0,0.0,0.0
8,2026-08-19,True,57,535,0.0,38,983.0,True,0.62,300,0.17600000000000002,60,0.055999999999999994,60,0.0,3,2026B_C275,33.2,42.1,11.8,33.1,1.0,1.0,0.0,0.0
8,2026-08-19,True,57,535,0.0,38,983.0,True,0.62,300,0.17600000000000002,60,0.055999999999999994,60,0.0,3,2026B_C362,0.0,0.0,0.0,0.0,0.0,0.0,0.0,0.0
8,2026-08-19,True,57,535,0.0,38,983.0,True,0.62,300,0.17600000000000002,60,0.055999999999999994,60,0.0,3,2026B_D466,9.5,11.1,5.4,9.5,1.0,1.0,0.0,0.0
8,2026-08-19,True,57,535,0.0,38,983.0,True,0.62,300,0.17600000000000002,60,0.055999999999999994,60,0.0,3,2026B_E475,600.0,0.0,0.0,0.0,0.0,0.0,0.0,0.0
8,2026-08-19,True,57,535,0.0,38,983.0,True,0.62,300,0.17600000000000002,60,0.055999999999999994,60,0.0,3,2026B_H402,10.7,14.4,8.6,10.8,1.0,1.0,0.0,0.0
8,2026-08-19,True,57,535,0.0,38,983.0,True,0.62,300,0.17600000000000002,60,0.055999999999999994,60,0.0,3,2026B_N040,5.4,7.0,2.6,5.4,1.0,1.0,0.0,0.0
8,2026-08-19,True,57,535,0.0,38,983.0,True,0.62,300,0.17600000000000002,60,0.055999999999999994,60,0.0,3,2026B_N062,14.1,18.9,7.8,14.1,1.0,1.0,0.0,0.0
8,2026-08-19,True,57,535,0.0,38,983.0,True,0.62,300,0.17600000000000002,60,0.055999999999999994,60,0.0,3,2026B_N144,25.5,30.7,10.1,25.7,1.01,1.0,0.0,0.0
8,2026-08-19,True,57,535,0.0,38,983.0,True,0.62,300,0.17600000000000002,60,0.055999999999999994,60,0.0,3,2026B_U252,19.7,22.6,5.0,19.7,1.0,1.0,0.0,0.0
8,2026-08-19,True,57,535,0.0,38,983.0,True,0.62,300,0.17600000000000002,60,0.055999999999999994,60,0.0,3,2026B_U258,36.1,36.5,0.0,25.7,0.71,0.71,0.0,0.0
8,2026-08-19,True,57,535,0.0,38,983.0,True,0.62,300,0.17600000000000002,60,0.055999999999999994,60,0.0,3,2026B_Y063,10.3,14.8,3.0,10.9,1.06,1.0,0.0,0.0
9,2026-08-20,False,39,212,0.0,34,983.0,True,0.0,51,0.003,31,0.001,29,0.0,3,2026B_C275,33.2,42.1,11.8,33.1,1.0,1.0,0.0,0.0
9,2026-08-20,False,39,212,0.0,34,983.0,True,0.0,51,0.003,31,0.001,29,0.0,3,2026B_C362,0.0,0.0,0.0,0.0,0.0,0.0,0.0,0.0
9,2026-08-20,False,39,212,0.0,34,983.0,True,0.0,51,0.003,31,0.001,29,0.0,3,2026B_D466,9.5,11.1,5.4,10.2,1.07,1.0,0.0,0.0
9,2026-08-20,False,39,212,0.0,34,983.0,True,0.0,51,0.003,31,0.001,29,0.0,3,2026B_E475,600.0,0.0,0.0,0.0,0.0,0.0,0.0,0.0
9,2026-08-20,False,39,212,0.0,34,983.0,True,0.0,51,0.003,31,0.001,29,0.0,3,2026B_H402,10.7,14.4,8.6,13.3,1.24,1.0,0.0,0.0
9,2026-08-20,False,39,212,0.0,34,983.0,True,0.0,51,0.003,31,0.001,29,0.0,3,2026B_N040,5.4,7.0,2.6,5.8,1.07,1.0,0.0,0.0
9,2026-08-20,False,39,212,0.0,34,983.0,True,0.0,51,0.003,31,0.001,29,0.0,3,2026B_N062,14.1,18.9,7.8,14.1,1.0,1.0,0.0,0.0
9,2026-08-20,False,39,212,0.0,34,983.0,True,0.0,51,0.003,31,0.001,29,0.0,3,2026B_N144,25.5,30.7,10.1,26.2,1.03,1.0,0.0,0.0
9,2026-08-20,False,39,212,0.0,34,983.0,True,0.0,51,0.003,31,0.001,29,0.0,3,2026B_U252,19.7,22.6,5.0,19.7,1.0,1.0,0.0,0.0
9,2026-08-20,False,39,212,0.0,34,983.0,True,0.0,51,0.003,31,0.001,29,0.0,3,2026B_U258,36.1,36.5,0.0,25.7,0.71,0.71,0.0,0.0
9,2026-08-20,False,39,212,0.0,34,983.0,True,0.0,51,0.003,31,0.001,29,0.0,3,2026B_Y063,10.3,14.8,3.0,11.2,1.09,1.0,0.0,0.0
10,2026-08-28,True,31,311,0.0,68,983.0,True,0.0,62,0.142,60,0.0,51,0.0,3,2026B_C275,33.2,42.1,14.8,33.1,1.0,1.0,0.0,0.0
10,2026-08-28,True,31,311,0.0,68,983.0,True,0.0,62,0.142,60,0.0,51,0.0,3,2026B_C362,0.0,0.0,0.0,0.0,0.0,0.0,0.0,0.0
10,2026-08-28,True,31,311,0.0,68,983.0,True,0.0,62,0.142,60,0.0,51,0.0,3,2026B_D466,9.5,11.1,5.8,10.0,1.05,1.0,0.0,0.0
10,2026-08-28,True,31,311,0.0,68,983.0,True,0.0,62,0.142,60,0.0,51,0.0,3,2026B_E475,600.0,0.0,0.0,0.0,0.0,0.0,0.0,0.0
10,2026-08-28,True,31,311,0.0,68,983.0,True,0.0,62,0.142,60,0.0,51,0.0,3,2026B_H402,10.7,14.4,8.9,10.7,1.0,1.0,0.0,0.0
10,2026-08-28,True,31,311,0.0,68,983.0,True,0.0,62,0.142,60,0.0,51,0.0,3,2026B_N040,5.4,7.0,2.9,5.4,1.0,1.0,0.0,0.0
10,2026-08-28,True,31,311,0.0,68,983.0,True,0.0,62,0.142,60,0.0,51,0.0,3,2026B_N062,14.1,18.9,8.3,14.1,1.0,1.0,0.0,0.0
10,2026-08-28,True,31,311,0.0,68,983.0,True,0.0,62,0.142,60,0.0,51,0.0,3,2026B_N144,25.5,30.7,11.2,25.5,1.0,1.0,0.0,0.0
10,2026-08-28,True,31,311,0.0,68,983.0,True,0.0,62,0.142,60,0.0,51,0.0,3,2026B_U252,19.7,22.6,5.9,19.7,1.0,1.0,0.0,0.0
10,2026-08-28,True,31,311,0.0,68,983.0,True,0.0,62,0.142,60,0.0,51,0.0,3,2026B_U258,36.1,36.5,0.0,25.7,0.71,0.71,0.0,0.0
10,2026-08-28,True,31,311,0.0,68,983.0,True,0.0,62,0.142,60,0.0,51,0.0,3,2026B_Y063,10.3,14.8,3.7,10.5,1.02,1.0,0.0,0.0
11,2026-08-30,True,35,282,0.0,53,983.0,True,0.0,50,0.16699999999999998,60,0.001,54,0.0,3,2026B_C275,33.2,42.1,15.8,33.1,1.0,1.0,0.0,0.0
11,2026-08-30,True,35,282,0.0,53,983.0,True,0.0,50,0.16699999999999998,60,0.001,54,0.0,3,2026B_C362,0.0,0.0,0.0,0.0,0.0,0.0,0.0,0.0
11,2026-08-30,True,35,282,0.0,53,983.0,True,0.0,50,0.16699999999999998,60,0.001,54,0.0,3,2026B_D466,9.5,11.1,5.8,9.9,1.04,1.0,0.0,0.0
11,2026-08-30,True,35,282,0.0,53,983.0,True,0.0,50,0.16699999999999998,60,0.001,54,0.0,3,2026B_E475,600.0,0.0,0.0,0.0,0.0,0.0,0.0,0.0
11,2026-08-30,True,35,282,0.0,53,983.0,True,0.0,50,0.16699999999999998,60,0.001,54,0.0,3,2026B_H402,10.7,14.4,8.9,10.7,1.0,1.0,0.0,0.0
11,2026-08-30,True,35,282,0.0,53,983.0,True,0.0,50,0.16699999999999998,60,0.001,54,0.0,3,2026B_N040,5.4,7.0,3.3,5.4,1.01,1.0,0.0,0.0
11,2026-08-30,True,35,282,0.0,53,983.0,True,0.0,50,0.16699999999999998,60,0.001,54,0.0,3,2026B_N062,14.1,18.9,9.3,14.1,1.0,1.0,0.0,0.0
11,2026-08-30,True,35,282,0.0,53,983.0,True,0.0,50,0.16699999999999998,60,0.001,54,0.0,3,2026B_N144,25.5,30.7,12.1,25.5,1.0,1.0,0.0,0.0
11,2026-08-30,True,35,282,0.0,53,983.0,True,0.0,50,0.16699999999999998,60,0.001,54,0.0,3,2026B_U252,19.7,22.6,6.7,19.7,1.0,1.0,0.0,0.0
11,2026-08-30,True,35,282,0.0,53,983.0,True,0.0,50,0.16699999999999998,60,0.001,54,0.0,3,2026B_U258,36.1,36.5,0.0,25.7,0.71,0.71,0.0,0.0
11,2026-08-30,True,35,282,0.0,53,983.0,True,0.0,50,0.16699999999999998,60,0.001,54,0.0,3,2026B_Y063,10.3,14.8,3.9,10.4,1.01,1.0,0.0,0.0
12,2026-09-03,True,46,267,0.0,58,983.0,True,0.0,40,0.14,60,0.0,46,0.0,2,2026B_C275,33.2,42.1,17.6,33.1,1.0,1.0,0.0,0.0
12,2026-09-03,True,46,267,0.0,58,983.0,True,0.0,40,0.14,60,0.0,46,0.0,2,2026B_C362,0.0,0.0,0.0,0.0,0.0,0.0,0.0,0.0
12,2026-09-03,True,46,267,0.0,58,983.0,True,0.0,40,0.14,60,0.0,46,0.0,2,2026B_D466,9.5,11.1,5.8,9.5,1.0,1.0,0.0,0.0
12,2026-09-03,True,46,267,0.0,58,983.0,True,0.0,40,0.14,60,0.0,46,0.0,2,2026B_E475,600.0,0.0,0.0,0.0,0.0,0.0,0.0,0.0
12,2026-09-03,True,46,267,0.0,58,983.0,True,0.0,40,0.14,60,0.0,46,0.0,2,2026B_H402,10.7,14.4,9.0,10.7,1.0,1.0,0.0,0.0
12,2026-09-03,True,46,267,0.0,58,983.0,True,0.0,40,0.14,60,0.0,46,0.0,2,2026B_N040,5.4,7.0,3.9,5.4,1.0,1.0,0.0,0.0
12,2026-09-03,True,46,267,0.0,58,983.0,True,0.0,40,0.14,60,0.0,46,0.0,2,2026B_N062,14.1,18.9,10.0,14.1,1.0,1.0,0.0,0.0
12,2026-09-03,True,46,267,0.0,58,983.0,True,0.0,40,0.14,60,0.0,46,0.0,2,2026B_N144,25.5,30.7,13.1,25.6,1.0,1.0,0.0,0.0
12,2026-09-03,True,46,267,0.0,58,983.0,True,0.0,40,0.14,60,0.0,46,0.0,2,2026B_U252,19.7,22.6,6.7,19.7,1.0,1.0,0.0,0.0
12,2026-09-03,True,46,267,0.0,58,983.0,True,0.0,40,0.14,60,0.0,46,0.0,2,2026B_U258,36.1,36.5,0.0,25.7,0.71,0.71,0.0,0.0
12,2026-09-03,True,46,267,0.0,58,983.0,True,0.0,40,0.14,60,0.0,46,0.0,2,2026B_Y063,10.3,14.8,4.7,10.7,1.04,1.0,0.0,0.0
13,2026-09-09,True,36,258,0.0,48,983.0,True,0.0,91,0.179,60,0.004,2,0.0,2,2026B_C275,33.2,42.1,18.6,33.1,1.0,1.0,0.0,0.0
13,2026-09-09,True,36,258,0.0,48,983.0,True,0.0,91,0.179,60,0.004,2,0.0,2,2026B_C362,0.0,0.0,0.0,0.0,0.0,0.0,0.0,0.0
13,2026-09-09,True,36,258,0.0,48,983.0,True,0.0,91,0.179,60,0.004,2,0.0,2,2026B_D466,9.5,11.1,6.2,9.5,1.0,1.0,0.0,0.0
13,2026-09-09,True,36,258,0.0,48,983.0,True,0.0,91,0.179,60,0.004,2,0.0,2,2026B_E475,600.0,0.0,0.0,0.0,0.0,0.0,0.0,0.0
13,2026-09-09,True,36,258,0.0,48,983.0,True,0.0,91,0.179,60,0.004,2,0.0,2,2026B_H402,10.7,14.4,9.2,10.7,1.0,1.0,0.0,0.0
13,2026-09-09,True,36,258,0.0,48,983.0,True,0.0,91,0.179,60,0.004,2,0.0,2,2026B_N040,5.4,7.0,4.2,5.4,1.0,1.0,0.0,0.0
13,2026-09-09,True,36,258,0.0,48,983.0,True,0.0,91,0.179,60,0.004,2,0.0,2,2026B_N062,14.1,18.9,10.7,14.1,1.0,1.0,0.0,0.0
13,2026-09-09,True,36,258,0.0,48,983.0,True,0.0,91,0.179,60,0.004,2,0.0,2,2026B_N144,25.5,30.7,14.0,25.5,1.0,1.0,0.0,0.0
13,2026-09-09,True,36,258,0.0,48,983.0,True,0.0,91,0.179,60,0.004,2,0.0,2,2026B_U252,19.7,22.6,7.5,19.8,1.01,1.0,0.0,0.0
13,2026-09-09,True,36,258,0.0,48,983.0,True,0.0,91,0.179,60,0.004,2,0.0,2,2026B_U258,36.1,36.5,0.0,25.7,0.71,0.71,0.0,0.0
13,2026-09-09,True,36,258,0.0,48,983.0,True,0.0,91,0.179,60,0.004,2,0.0,2,2026B_Y063,10.3,14.8,5.3,10.5,1.02,1.0,0.0,0.0
14,2026-09-13,True,48,219,0.0,42,983.0,True,0.0,27,0.16899999999999998,60,0.0,37,0.0,3,2026B_C275,33.2,42.1,19.6,33.1,1.0,1.0,0.0,0.0
14,2026-09-13,True,48,219,0.0,42,983.0,True,0.0,27,0.16899999999999998,60,0.0,37,0.0,3,2026B_C362,0.0,0.0,0.0,0.0,0.0,0.0,0.0,0.0
14,2026-09-13,True,48,219,0.0,42,983.0,True,0.0,27,0.16899999999999998,60,0.0,37,0.0,3,2026B_D466,9.5,11.1,7.7,9.5,1.0,1.0,0.0,0.0
14,2026-09-13,True,48,219,0.0,42,983.0,True,0.0,27,0.16899999999999998,60,0.0,37,0.0,3,2026B_E475,600.0,0.0,0.0,0.0,0.0,0.0,0.0,0.0
14,2026-09-13,True,48,219,0.0,42,983.0,True,0.0,27,0.16899999999999998,60,0.0,37,0.0,3,2026B_H402,10.7,14.4,9.2,10.7,1.0,1.0,0.0,0.0
14,2026-09-13,True,48,219,0.0,42,983.0,True,0.0,27,0.16899999999999998,60,0.0,37,0.0,3,2026B_N040,5.4,7.0,4.2,5.4,1.0,1.0,0.0,0.0
14,2026-09-13,True,48,219,0.0,42,983.0,True,0.0,27,0.16899999999999998,60,0.0,37,0.0,3,2026B_N062,14.1,18.9,11.0,14.1,1.0,1.0,0.0,0.0
14,2026-09-13,True,48,219,0.0,42,983.0,True,0.0,27,0.16899999999999998,60,0.0,37,0.0,3,2026B_N144,25.5,30.7,14.6,25.5,1.0,1.0,0.0,0.0
14,2026-09-13,True,48,219,0.0,42,983.0,True,0.0,27,0.16899999999999998,60,0.0,37,0.0,3,2026B_U252,19.7,22.6,7.8,19.7,1.0,1.0,0.0,0.0
14,2026-09-13,True,48,219,0.0,42,983.0,True,0.0,27,0.16899999999999998,60,0.0,37,0.0,3,2026B_U258,36.1,36.5,0.0,25.7,0.71,0.71,0.0,0.0
14,2026-09-13,True,48,219,0.0,42,983.0,True,0.0,27,0.16899999999999998,60,0.0,37,0.0,3,2026B_Y063,10.3,14.8,6.1,10.6,1.03,1.0,0.0,0.0
15,2026-09-18,True,42,170,0.0,37,983.0,True,0.0,20,0.18100000000000002,60,0.005,5,0.0,2,2026B_C275,33.2,42.1,20.6,33.1,1.0,1.0,0.0,0.0
15,2026-09-18,True,42,170,0.0,37,983.0,True,0.0,20,0.18100000000000002,60,0.005,5,0.0,2,2026B_C362,0.0,0.0,0.0,0.0,0.0,0.0,0.0,0.0
15,2026-09-18,True,42,170,0.0,37,983.0,True,0.0,20,0.18100000000000002,60,0.005,5,0.0,2,2026B_D466,9.5,11.1,8.4,9.5,1.0,1.0,0.0,0.0
15,2026-09-18,True,42,170,0.0,37,983.0,True,0.0,20,0.18100000000000002,60,0.005,5,0.0,2,2026B_E475,600.0,0.0,0.0,0.0,0.0,0.0,0.0,0.0
15,2026-09-18,True,42,170,0.0,37,983.0,True,0.0,20,0.18100000000000002,60,0.005,5,0.0,2,2026B_H402,10.7,14.4,9.4,10.7,1.0,1.0,0.0,0.0
15,2026-09-18,True,42,170,0.0,37,983.0,True,0.0,20,0.18100000000000002,60,0.005,5,0.0,2,2026B_N040,5.4,7.0,4.2,5.4,1.0,1.0,0.0,0.0
15,2026-09-18,True,42,170,0.0,37,983.0,True,0.0,20,0.18100000000000002,60,0.005,5,0.0,2,2026B_N062,14.1,18.9,11.7,14.1,1.0,1.0,0.0,0.0
15,2026-09-18,True,42,170,0.0,37,983.0,True,0.0,20,0.18100000000000002,60,0.005,5,0.0,2,2026B_N144,25.5,30.7,15.6,25.5,1.0,1.0,0.0,0.0
15,2026-09-18,True,42,170,0.0,37,983.0,True,0.0,20,0.18100000000000002,60,0.005,5,0.0,2,2026B_U252,19.7,22.6,8.8,19.7,1.0,1.0,0.0,0.0
15,2026-09-18,True,42,170,0.0,37,983.0,True,0.0,20,0.18100000000000002,60,0.005,5,0.0,2,2026B_U258,36.1,36.5,0.0,25.7,0.71,0.71,0.0,0.0
15,2026-09-18,True,42,170,0.0,37,983.0,True,0.0,20,0.18100000000000002,60,0.005,5,0.0,2,2026B_Y063,10.3,14.8,6.6,10.5,1.02,1.0,0.0,0.0
16,2026-10-02,False,62,195,0.0,29,977.0,True,0.0,45,0.177,60,0.004,3,0.0,16,2026B_C275,33.2,42.1,21.6,33.1,1.0,1.0,0.0,0.0
16,2026-10-02,False,62,195,0.0,29,977.0,True,0.0,45,0.177,60,0.004,3,0.0,16,2026B_C362,0.0,0.0,0.0,0.0,0.0,0.0,0.0,0.0
16,2026-10-02,False,62,195,0.0,29,977.0,True,0.0,45,0.177,60,0.004,3,0.0,16,2026B_D466,9.5,11.1,9.5,9.5,1.0,1.0,0.0,0.0
16,2026-10-02,False,62,195,0.0,29,977.0,True,0.0,45,0.177,60,0.004,3,0.0,16,2026B_E475,600.0,0.0,0.0,0.0,0.0,0.0,0.0,0.0
16,2026-10-02,False,62,195,0.0,29,977.0,True,0.0,45,0.177,60,0.004,3,0.0,16,2026B_H402,10.7,14.4,9.4,10.8,1.0,1.0,0.0,0.0
16,2026-10-02,False,62,195,0.0,29,977.0,True,0.0,45,0.177,60,0.004,3,0.0,16,2026B_N040,5.4,7.0,4.4,5.4,1.0,1.0,0.0,0.0
16,2026-10-02,False,62,195,0.0,29,977.0,True,0.0,45,0.177,60,0.004,3,0.0,16,2026B_N062,14.1,18.9,11.9,14.1,1.0,1.0,0.0,0.0
16,2026-10-02,False,62,195,0.0,29,977.0,True,0.0,45,0.177,60,0.004,3,0.0,16,2026B_N144,25.5,30.7,16.6,25.5,1.0,1.0,0.0,0.0
16,2026-10-02,False,62,195,0.0,29,977.0,True,0.0,45,0.177,60,0.004,3,0.0,16,2026B_U252,19.7,22.6,9.9,19.7,1.0,1.0,0.0,0.0
16,2026-10-02,False,62,195,0.0,29,977.0,True,0.0,45,0.177,60,0.004,3,0.0,16,2026B_U258,36.1,36.5,0.0,25.7,0.71,0.71,0.0,0.0
16,2026-10-02,False,62,195,0.0,29,977.0,True,0.0,45,0.177,60,0.004,3,0.0,16,2026B_Y063,10.3,14.8,7.2,10.4,1.01,1.0,0.0,0.0
17,2026-10-18,True,71,799,0.003,321,1081.0,True,0.0,75,0.015,60,0.001,2,0.0,2,2026B_C275,33.2,42.1,21.6,32.6,0.98,1.0,0.020000000000000018,0.020000000000000018
17,2026-10-18,True,71,799,0.003,321,1081.0,True,0.0,75,0.015,60,0.001,2,0.0,2,2026B_C362,0.0,0.0,0.0,0.0,0.0,0.0,0.0,0.0
17,2026-10-18,True,71,799,0.003,321,1081.0,True,0.0,75,0.015,60,0.001,2,0.0,2,2026B_D466,9.5,11.1,9.5,9.5,1.0,1.0,0.0,0.0
17,2026-10-18,True,71,799,0.003,321,1081.0,True,0.0,75,0.015,60,0.001,2,0.0,2,2026B_E475,600.0,0.0,0.0,0.0,0.0,0.0,0.0,0.0
17,2026-10-18,True,71,799,0.003,321,1081.0,True,0.0,75,0.015,60,0.001,2,0.0,2,2026B_H402,10.7,14.4,9.4,10.4,0.97,1.0,0.030000000000000027,0.030000000000000027
17,2026-10-18,True,71,799,0.003,321,1081.0,True,0.0,75,0.015,60,0.001,2,0.0,2,2026B_N040,5.4,7.0,4.4,5.2,0.97,1.0,0.030000000000000027,0.030000000000000027
17,2026-10-18,True,71,799,0.003,321,1081.0,True,0.0,75,0.015,60,0.001,2,0.0,2,2026B_N062,14.1,18.9,11.9,13.7,0.97,1.0,0.030000000000000027,0.030000000000000027
17,2026-10-18,True,71,799,0.003,321,1081.0,True,0.0,75,0.015,60,0.001,2,0.0,2,2026B_N144,25.5,30.7,16.6,24.8,0.97,1.0,0.030000000000000027,0.030000000000000027
17,2026-10-18,True,71,799,0.003,321,1081.0,True,0.0,75,0.015,60,0.001,2,0.0,2,2026B_U252,19.7,22.6,9.9,19.1,0.97,1.0,0.030000000000000027,0.030000000000000027
17,2026-10-18,True,71,799,0.003,321,1081.0,True,0.0,75,0.015,60,0.001,2,0.0,2,2026B_U258,36.1,36.5,0.0,24.6,0.68,0.71,0.029999999999999916,0.029999999999999916
17,2026-10-18,True,71,799,0.003,321,1081.0,True,0.0,75,0.015,60,0.001,2,0.0,2,2026B_Y063,10.3,14.8,7.2,10.0,0.97,1.0,0.030000000000000027,0.030000000000000027
18,2026-10-23,False,62,453,0.0,320,1081.0,True,0.0,35,0.013999999999999999,60,0.001,1,0.0,1,2026B_C275,33.2,42.1,22.6,32.6,0.98,1.0,0.020000000000000018,0.020000000000000018
18,2026-10-23,False,62,453,0.0,320,1081.0,True,0.0,35,0.013999999999999999,60,0.001,1,0.0,1,2026B_C362,0.0,0.0,0.0,0.0,0.0,0.0,0.0,0.0
18,2026-10-23,False,62,453,0.0,320,1081.0,True,0.0,35,0.013999999999999999,60,0.001,1,0.0,1,2026B_D466,9.5,11.1,9.5,9.5,1.0,1.0,0.0,0.0
18,2026-10-23,False,62,453,0.0,320,1081.0,True,0.0,35,0.013999999999999999,60,0.001,1,0.0,1,2026B_E475,600.0,0.0,0.0,0.0,0.0,0.0,0.0,0.0
18,2026-10-23,False,62,453,0.0,320,1081.0,True,0.0,35,0.013999999999999999,60,0.001,1,0.0,1,2026B_H402,10.7,14.4,10.0,10.4,0.97,1.0,0.030000000000000027,0.030000000000000027
18,2026-10-23,False,62,453,0.0,320,1081.0,True,0.0,35,0.013999999999999999,60,0.001,1,0.0,1,2026B_N040,5.4,7.0,4.7,5.2,0.97,1.0,0.030000000000000027,0.030000000000000027
18,2026-10-23,False,62,453,0.0,320,1081.0,True,0.0,35,0.013999999999999999,60,0.001,1,0.0,1,2026B_N062,14.1,18.9,12.1,13.7,0.97,1.0,0.030000000000000027,0.030000000000000027
18,2026-10-23,False,62,453,0.0,320,1081.0,True,0.0,35,0.013999999999999999,60,0.001,1,0.0,1,2026B_N144,25.5,30.7,18.4,24.8,0.97,1.0,0.030000000000000027,0.030000000000000027
18,2026-10-23,False,62,453,0.0,320,1081.0,True,0.0,35,0.013999999999999999,60,0.001,1,0.0,1,2026B_U252,19.7,22.6,10.6,19.1,0.97,1.0,0.030000000000000027,0.030000000000000027
18,2026-10-23,False,62,453,0.0,320,1081.0,True,0.0,35,0.013999999999999999,60,0.001,1,0.0,1,2026B_U258,36.1,36.5,0.0,24.6,0.68,0.71,0.029999999999999916,0.029999999999999916
18,2026-10-23,False,62,453,0.0,320,1081.0,True,0.0,35,0.013999999999999999,60,0.001,1,0.0,1,2026B_Y063,10.3,14.8,7.9,10.0,0.97,1.0,0.030000000000000027,0.030000000000000027
19,2026-10-29,True,70,437,0.0,320,989.0,True,0.005,22,0.008,60,0.004,1,0.0,1,2026B_C275,33.2,42.1,22.6,29.6,0.89,0.93,0.040000000000000036,0.10999999999999999
19,2026-10-29,True,70,437,0.0,320,989.0,True,0.005,22,0.008,60,0.004,1,0.0,1,2026B_C362,0.0,0.0,0.0,0.0,0.0,0.0,0.0,0.0
19,2026-10-29,True,70,437,0.0,320,989.0,True,0.005,22,0.008,60,0.004,1,0.0,1,2026B_D466,9.5,11.1,9.5,9.5,1.0,1.0,0.0,0.0
19,2026-10-29,True,70,437,0.0,320,989.0,True,0.005,22,0.008,60,0.004,1,0.0,1,2026B_E475,600.0,0.0,0.0,0.0,0.0,0.0,0.0,0.0
19,2026-10-29,True,70,437,0.0,320,989.0,True,0.005,22,0.008,60,0.004,1,0.0,1,2026B_H402,10.7,14.4,10.0,10.2,0.95,1.0,0.050000000000000044,0.050000000000000044
19,2026-10-29,True,70,437,0.0,320,989.0,True,0.005,22,0.008,60,0.004,1,0.0,1,2026B_N040,5.4,7.0,4.7,5.1,0.96,1.0,0.040000000000000036,0.040000000000000036
19,2026-10-29,True,70,437,0.0,320,989.0,True,0.005,22,0.008,60,0.004,1,0.0,1,2026B_N062,14.1,18.9,12.1,13.5,0.95,1.0,0.050000000000000044,0.050000000000000044
19,2026-10-29,True,70,437,0.0,320,989.0,True,0.005,22,0.008,60,0.004,1,0.0,1,2026B_N144,25.5,30.7,18.4,24.3,0.95,1.0,0.050000000000000044,0.050000000000000044
19,2026-10-29,True,70,437,0.0,320,989.0,True,0.005,22,0.008,60,0.004,1,0.0,1,2026B_U252,19.7,22.6,10.6,18.4,0.93,0.98,0.04999999999999993,0.06999999999999995
19,2026-10-29,True,70,437,0.0,320,989.0,True,0.005,22,0.008,60,0.004,1,0.0,1,2026B_U258,36.1,36.5,0.0,24.0,0.66,0.71,0.04999999999999993,0.04999999999999993
19,2026-10-29,True,70,437,0.0,320,989.0,True,0.005,22,0.008,60,0.004,1,0.0,1,2026B_Y063,10.3,14.8,7.9,9.8,0.96,1.0,0.040000000000000036,0.040000000000000036
20,2026-12-06,True,32,432,0.002,322,989.0,True,0.005,15,0.009000000000000001,60,0.004,1,0.0,3,2026B_C275,33.2,42.1,23.1,29.6,0.89,0.93,0.040000000000000036,0.10999999999999999
20,2026-12-06,True,32,432,0.002,322,989.0,True,0.005,15,0.009000000000000001,60,0.004,1,0.0,3,2026B_C362,0.0,0.0,0.0,0.0,0.0,0.0,0.0,0.0
20,2026-12-06,True,32,432,0.002,322,989.0,True,0.005,15,0.009000000000000001,60,0.004,1,0.0,3,2026B_D466,9.5,11.1,9.5,9.5,1.0,1.0,0.0,0.0
20,2026-12-06,True,32,432,0.002,322,989.0,True,0.005,15,0.009000000000000001,60,0.004,1,0.0,3,2026B_E475,600.0,0.0,0.0,0.0,0.0,0.0,0.0,0.0
20,2026-12-06,True,32,432,0.002,322,989.0,True,0.005,15,0.009000000000000001,60,0.004,1,0.0,3,2026B_H402,10.7,14.4,10.2,10.2,0.95,1.0,0.050000000000000044,0.050000000000000044
20,2026-12-06,True,32,432,0.002,322,989.0,True,0.005,15,0.009000000000000001,60,0.004,1,0.0,3,2026B_N040,5.4,7.0,5.1,5.1,0.96,1.0,0.040000000000000036,0.040000000000000036
20,2026-12-06,True,32,432,0.002,322,989.0,True,0.005,15,0.009000000000000001,60,0.004,1,0.0,3,2026B_N062,14.1,18.9,12.3,13.5,0.95,1.0,0.050000000000000044,0.050000000000000044
20,2026-12-06,True,32,432,0.002,322,989.0,True,0.005,15,0.009000000000000001,60,0.004,1,0.0,3,2026B_N144,25.5,30.7,19.9,24.3,0.95,1.0,0.050000000000000044,0.050000000000000044
20,2026-12-06,True,32,432,0.002,322,989.0,True,0.005,15,0.009000000000000001,60,0.004,1,0.0,3,2026B_U252,19.7,22.6,12.4,18.4,0.93,0.98,0.04999999999999993,0.06999999999999995
20,2026-12-06,True,32,432,0.002,322,989.0,True,0.005,15,0.009000000000000001,60,0.004,1,0.0,3,2026B_U258,36.1,36.5,0.0,24.0,0.66,0.71,0.04999999999999993,0.04999999999999993
20,2026-12-06,True,32,432,0.002,322,989.0,True,0.005,15,0.009000000000000001,60,0.004,1,0.0,3,2026B_Y063,10.3,14.8,8.7,9.8,0.96,1.0,0.040000000000000036,0.040000000000000036
21,2026-12-07,True,32,226,0.0,157,989.0,True,0.005,10,0.001,24,0.0,1,0.0,2,2026B_C275,33.2,42.1,23.1,29.6,0.89,0.93,0.040000000000000036,0.10999999999999999
21,2026-12-07,True,32,226,0.0,157,989.0,True,0.005,10,0.001,24,0.0,1,0.0,2,2026B_C362,0.0,0.0,0.0,0.0,0.0,0.0,0.0,0.0
21,2026-12-07,True,32,226,0.0,157,989.0,True,0.005,10,0.001,24,0.0,1,0.0,2,2026B_D466,9.5,11.1,9.5,9.5,1.0,1.0,0.0,0.0
21,2026-12-07,True,32,226,0.0,157,989.0,True,0.005,10,0.001,24,0.0,1,0.0,2,2026B_E475,600.0,0.0,0.0,0.0,0.0,0.0,0.0,0.0
21,2026-12-07,True,32,226,0.0,157,989.0,True,0.005,10,0.001,24,0.0,1,0.0,2,2026B_H402,10.7,14.4,10.2,10.2,0.95,1.0,0.050000000000000044,0.050000000000000044
21,2026-12-07,True,32,226,0.0,157,989.0,True,0.005,10,0.001,24,0.0,1,0.0,2,2026B_N040,5.4,7.0,5.1,5.1,0.96,1.0,0.040000000000000036,0.040000000000000036
21,2026-12-07,True,32,226,0.0,157,989.0,True,0.005,10,0.001,24,0.0,1,0.0,2,2026B_N062,14.1,18.9,12.3,13.5,0.95,1.0,0.050000000000000044,0.050000000000000044
21,2026-12-07,True,32,226,0.0,157,989.0,True,0.005,10,0.001,24,0.0,1,0.0,2,2026B_N144,25.5,30.7,19.9,24.3,0.95,1.0,0.050000000000000044,0.050000000000000044
21,2026-12-07,True,32,226,0.0,157,989.0,True,0.005,10,0.001,24,0.0,1,0.0,2,2026B_U252,19.7,22.6,12.4,18.4,0.93,0.98,0.04999999999999993,0.06999999999999995
21,2026-12-07,True,32,226,0.0,157,989.0,True,0.005,10,0.001,24,0.0,1,0.0,2,2026B_U258,36.1,36.5,0.0,24.0,0.66,0.71,0.04999999999999993,0.04999999999999993
21,2026-12-07,True,32,226,0.0,157,989.0,True,0.005,10,0.001,24,0.0,1,0.0,2,2026B_Y063,10.3,14.8,8.7,9.8,0.96,1.0,0.040000000000000036,0.040000000000000036
22,2026-12-10,True,17,129,0.0,28,989.0,True,0.005,8,0.011000000000000001,60,0.0,2,0.0,1,2026B_C275,33.2,42.1,25.1,29.6,0.89,0.93,0.040000000000000036,0.10999999999999999
22,2026-12-10,True,17,129,0.0,28,989.0,True,0.005,8,0.011000000000000001,60,0.0,2,0.0,1,2026B_C362,0.0,0.0,0.0,0.0,0.0,0.0,0.0,0.0
22,2026-12-10,True,17,129,0.0,28,989.0,True,0.005,8,0.011000000000000001,60,0.0,2,0.0,1,2026B_D466,9.5,11.1,9.5,9.5,1.0,1.0,0.0,0.0
22,2026-12-10,True,17,129,0.0,28,989.0,True,0.005,8,0.011000000000000001,60,0.0,2,0.0,1,2026B_E475,600.0,0.0,0.0,0.0,0.0,0.0,0.0,0.0
22,2026-12-10,True,17,129,0.0,28,989.0,True,0.005,8,0.011000000000000001,60,0.0,2,0.0,1,2026B_H402,10.7,14.4,10.2,10.2,0.95,1.0,0.050000000000000044,0.050000000000000044
22,2026-12-10,True,17,129,0.0,28,989.0,True,0.005,8,0.011000000000000001,60,0.0,2,0.0,1,2026B_N040,5.4,7.0,5.1,5.1,0.96,1.0,0.040000000000000036,0.040000000000000036
22,2026-12-10,True,17,129,0.0,28,989.0,True,0.005,8,0.011000000000000001,60,0.0,2,0.0,1,2026B_N062,14.1,18.9,12.3,13.5,0.95,1.0,0.050000000000000044,0.050000000000000044
22,2026-12-10,True,17,129,0.0,28,989.0,True,0.005,8,0.011000000000000001,60,0.0,2,0.0,1,2026B_N144,25.5,30.7,21.3,24.3,0.95,1.0,0.050000000000000044,0.050000000000000044
22,2026-12-10,True,17,129,0.0,28,989.0,True,0.005,8,0.011000000000000001,60,0.0,2,0.0,1,2026B_U252,19.7,22.6,12.7,18.4,0.93,0.98,0.04999999999999993,0.06999999999999995
22,2026-12-10,True,17,129,0.0,28,989.0,True,0.005,8,0.011000000000000001,60,0.0,2,0.0,1,2026B_U258,36.1,36.5,6.5,24.0,0.66,0.71,0.04999999999999993,0.04999999999999993
22,2026-12-10,True,17,129,0.0,28,989.0,True,0.005,8,0.011000000000000001,60,0.0,2,0.0,1,2026B_Y063,10.3,14.8,8.8,9.8,0.96,1.0,0.040000000000000036,0.040000000000000036
23,2026-12-11,True,46,408,0.0,18,984.0,True,0.061,300,0.016,60,0.0,2,0.0,1,2026B_C275,33.2,42.1,25.1,29.1,0.87,0.92,0.050000000000000044,0.13
23,2026-12-11,True,46,408,0.0,18,984.0,True,0.061,300,0.016,60,0.0,2,0.0,1,2026B_C362,0.0,0.0,0.0,0.0,0.0,0.0,0.0,0.0
23,2026-12-11,True,46,408,0.0,18,984.0,True,0.061,300,0.016,60,0.0,2,0.0,1,2026B_D466,9.5,11.1,9.5,9.5,1.0,1.0,0.0,0.0
23,2026-12-11,True,46,408,0.0,18,984.0,True,0.061,300,0.016,60,0.0,2,0.0,1,2026B_E475,600.0,0.0,0.0,0.0,0.0,0.0,0.0,0.0
23,2026-12-11,True,46,408,0.0,18,984.0,True,0.061,300,0.016,60,0.0,2,0.0,1,2026B_H402,10.7,14.4,10.2,10.4,0.97,1.0,0.030000000000000027,0.030000000000000027
23,2026-12-11,True,46,408,0.0,18,984.0,True,0.061,300,0.016,60,0.0,2,0.0,1,2026B_N040,5.4,7.0,5.1,5.1,0.96,1.0,0.040000000000000036,0.040000000000000036
23,2026-12-11,True,46,408,0.0,18,984.0,True,0.061,300,0.016,60,0.0,2,0.0,1,2026B_N062,14.1,18.9,12.3,13.5,0.96,1.0,0.040000000000000036,0.040000000000000036
23,2026-12-11,True,46,408,0.0,18,984.0,True,0.061,300,0.016,60,0.0,2,0.0,1,2026B_N144,25.5,30.7,21.3,24.4,0.96,1.0,0.040000000000000036,0.040000000000000036
23,2026-12-11,True,46,408,0.0,18,984.0,True,0.061,300,0.016,60,0.0,2,0.0,1,2026B_U252,19.7,22.6,12.7,18.4,0.93,0.98,0.04999999999999993,0.06999999999999995
23,2026-12-11,True,46,408,0.0,18,984.0,True,0.061,300,0.016,60,0.0,2,0.0,1,2026B_U258,36.1,36.5,6.5,24.2,0.67,0.71,0.039999999999999925,0.039999999999999925
23,2026-12-11,True,46,408,0.0,18,984.0,True,0.061,300,0.016,60,0.0,2,0.0,1,2026B_Y063,10.3,14.8,8.8,9.8,0.96,1.0,0.040000000000000036,0.040000000000000036
24,2026-12-13,True,40,115,0.0,11,961.0,True,0.005,18,0.036000000000000004,60,0.0,1,0.0,1,2026B_C275,33.2,42.1,25.6,29.1,0.87,0.9,0.030000000000000027,0.13
24,2026-12-13,True,40,115,0.0,11,961.0,True,0.005,18,0.036000000000000004,60,0.0,1,0.0,1,2026B_C362,0.0,0.0,0.0,0.0,0.0,0.0,0.0,0.0
24,2026-12-13,True,40,115,0.0,11,961.0,True,0.005,18,0.036000000000000004,60,0.0,1,0.0,1,2026B_D466,9.5,11.1,9.5,9.5,1.0,1.0,0.0,0.0
24,2026-12-13,True,40,115,0.0,11,961.0,True,0.005,18,0.036000000000000004,60,0.0,1,0.0,1,2026B_E475,600.0,0.0,0.0,0.0,0.0,0.0,0.0,0.0
24,2026-12-13,True,40,115,0.0,11,961.0,True,0.005,18,0.036000000000000004,60,0.0,1,0.0,1,2026B_H402,10.7,14.4,10.3,10.3,0.96,1.0,0.040000000000000036,0.040000000000000036
24,2026-12-13,True,40,115,0.0,11,961.0,True,0.005,18,0.036000000000000004,60,0.0,1,0.0,1,2026B_N040,5.4,7.0,5.1,5.2,0.96,1.0,0.040000000000000036,0.040000000000000036
24,2026-12-13,True,40,115,0.0,11,961.0,True,0.005,18,0.036000000000000004,60,0.0,1,0.0,1,2026B_N062,14.1,18.9,12.7,13.6,0.96,1.0,0.040000000000000036,0.040000000000000036
24,2026-12-13,True,40,115,0.0,11,961.0,True,0.005,18,0.036000000000000004,60,0.0,1,0.0,1,2026B_N144,25.5,30.7,22.0,24.5,0.96,1.0,0.040000000000000036,0.040000000000000036
24,2026-12-13,True,40,115,0.0,11,961.0,True,0.005,18,0.036000000000000004,60,0.0,1,0.0,1,2026B_U252,19.7,22.6,14.1,18.5,0.94,0.98,0.040000000000000036,0.06000000000000005
24,2026-12-13,True,40,115,0.0,11,961.0,True,0.005,18,0.036000000000000004,60,0.0,1,0.0,1,2026B_U258,36.1,36.5,11.3,23.9,0.66,0.7,0.039999999999999925,0.04999999999999993
24,2026-12-13,True,40,115,0.0,11,961.0,True,0.005,18,0.036000000000000004,60,0.0,1,0.0,1,2026B_Y063,10.3,14.8,9.0,9.9,0.96,1.0,0.040000000000000036,0.040000000000000036
25,2026-12-27,True,43,460,0.0,10,905.0,True,0.004,68,0.017,60,0.0,1,0.0,1,2026B_C275,33.2,42.1,26.6,29.1,0.87,0.9,0.030000000000000027,0.13
25,2026-12-27,True,43,460,0.0,10,905.0,True,0.004,68,0.017,60,0.0,1,0.0,1,2026B_C362,0.0,0.0,0.0,0.0,0.0,0.0,0.0,0.0
25,2026-12-27,True,43,460,0.0,10,905.0,True,0.004,68,0.017,60,0.0,1,0.0,1,2026B_D466,9.5,11.1,9.5,9.5,1.0,0.0,0.0,0.0
25,2026-12-27,True,43,460,0.0,10,905.0,True,0.004,68,0.017,60,0.0,1,0.0,1,2026B_E475,600.0,0.0,0.0,0.0,0.0,0.0,0.0,0.0
25,2026-12-27,True,43,460,0.0,10,905.0,True,0.004,68,0.017,60,0.0,1,0.0,1,2026B_H402,10.7,14.4,10.3,10.3,0.96,1.0,0.040000000000000036,0.040000000000000036
25,2026-12-27,True,43,460,0.0,10,905.0,True,0.004,68,0.017,60,0.0,1,0.0,1,2026B_N040,5.4,7.0,5.1,5.2,0.97,1.0,0.030000000000000027,0.030000000000000027
25,2026-12-27,True,43,460,0.0,10,905.0,True,0.004,68,0.017,60,0.0,1,0.0,1,2026B_N062,14.1,18.9,13.3,13.6,0.97,1.0,0.030000000000000027,0.030000000000000027
25,2026-12-27,True,43,460,0.0,10,905.0,True,0.004,68,0.017,60,0.0,1,0.0,1,2026B_N144,25.5,30.7,22.6,24.6,0.96,1.0,0.040000000000000036,0.040000000000000036
25,2026-12-27,True,43,460,0.0,10,905.0,True,0.004,68,0.017,60,0.0,1,0.0,1,2026B_U252,19.7,22.6,15.3,18.6,0.94,0.98,0.040000000000000036,0.06000000000000005
25,2026-12-27,True,43,460,0.0,10,905.0,True,0.004,68,0.017,60,0.0,1,0.0,1,2026B_U258,36.1,36.5,13.3,23.6,0.65,0.69,0.039999999999999925,0.05999999999999994
25,2026-12-27,True,43,460,0.0,10,905.0,True,0.004,68,0.017,60,0.0,1,0.0,1,2026B_Y063,10.3,14.8,9.2,9.9,0.97,1.0,0.030000000000000027,0.030000000000000027
26,2026-12-28,True,47,439,0.0,5,811.0,True,0.0,55,0.018000000000000002,60,0.0,1,0.0,1,2026B_C275,33.2,42.1,26.6,29.1,0.87,0.9,0.030000000000000027,0.13
26,2026-12-28,True,47,439,0.0,5,811.0,True,0.0,55,0.018000000000000002,60,0.0,1,0.0,1,2026B_C362,0.0,0.0,0.0,0.0,0.0,0.0,0.0,0.0
26,2026-12-28,True,47,439,0.0,5,811.0,True,0.0,55,0.018000000000000002,60,0.0,1,0.0,1,2026B_D466,9.5,11.1,9.5,9.5,1.0,0.0,0.0,0.0
26,2026-12-28,True,47,439,0.0,5,811.0,True,0.0,55,0.018000000000000002,60,0.0,1,0.0,1,2026B_E475,600.0,0.0,0.0,0.0,0.0,0.0,0.0,0.0
26,2026-12-28,True,47,439,0.0,5,811.0,True,0.0,55,0.018000000000000002,60,0.0,1,0.0,1,2026B_H402,10.7,14.4,10.3,10.4,0.97,1.0,0.030000000000000027,0.030000000000000027
26,2026-12-28,True,47,439,0.0,5,811.0,True,0.0,55,0.018000000000000002,60,0.0,1,0.0,1,2026B_N040,5.4,7.0,5.1,5.2,0.97,1.0,0.030000000000000027,0.030000000000000027
26,2026-12-28,True,47,439,0.0,5,811.0,True,0.0,55,0.018000000000000002,60,0.0,1,0.0,1,2026B_N062,14.1,18.9,13.3,13.7,0.97,1.0,0.030000000000000027,0.030000000000000027
26,2026-12-28,True,47,439,0.0,5,811.0,True,0.0,55,0.018000000000000002,60,0.0,1,0.0,1,2026B_N144,25.5,30.7,22.6,24.7,0.97,1.0,0.030000000000000027,0.030000000000000027
26,2026-12-28,True,47,439,0.0,5,811.0,True,0.0,55,0.018000000000000002,60,0.0,1,0.0,1,2026B_U252,19.7,22.6,15.3,18.6,0.95,0.98,0.030000000000000027,0.050000000000000044
26,2026-12-28,True,47,439,0.0,5,811.0,True,0.0,55,0.018000000000000002,60,0.0,1,0.0,1,2026B_U258,36.1,36.5,13.3,23.4,0.65,0.68,0.030000000000000027,0.05999999999999994
26,2026-12-28,True,47,439,0.0,5,811.0,True,0.0,55,0.018000000000000002,60,0.0,1,0.0,1,2026B_Y063,10.3,14.8,9.2,10.0,0.97,1.0,0.030000000000000027,0.030000000000000027
27,2027-01-15,True,43,22,0.0,3,747.0,True,0.003,1,0.0,2,0.0,0,0.0,0,2026B_C275,33.2,42.1,28.1,29.1,0.87,0.9,0.030000000000000027,0.13
27,2027-01-15,True,43,22,0.0,3,747.0,True,0.003,1,0.0,2,0.0,0,0.0,0,2026B_C362,0.0,0.0,0.0,0.0,0.0,0.0,0.0,0.0
27,2027-01-15,True,43,22,0.0,3,747.0,True,0.003,1,0.0,2,0.0,0,0.0,0,2026B_D466,9.5,11.1,9.5,9.5,1.0,0.0,0.0,0.0
27,2027-01-15,True,43,22,0.0,3,747.0,True,0.003,1,0.0,2,0.0,0,0.0,0,2026B_E475,600.0,0.0,0.0,0.0,0.0,0.0,0.0,0.0
27,2027-01-15,True,43,22,0.0,3,747.0,True,0.003,1,0.0,2,0.0,0,0.0,0,2026B_H402,10.7,14.4,10.3,10.4,0.97,1.0,0.030000000000000027,0.030000000000000027
27,2027-01-15,True,43,22,0.0,3,747.0,True,0.003,1,0.0,2,0.0,0,0.0,0,2026B_N040,5.4,7.0,5.2,5.3,0.98,1.0,0.020000000000000018,0.020000000000000018
27,2027-01-15,True,43,22,0.0,3,747.0,True,0.003,1,0.0,2,0.0,0,0.0,0,2026B_N062,14.1,18.9,13.5,13.7,0.97,1.0,0.030000000000000027,0.030000000000000027
27,2027-01-15,True,43,22,0.0,3,747.0,True,0.003,1,0.0,2,0.0,0,0.0,0,2026B_N144,25.5,30.7,24.1,24.8,0.97,1.0,0.030000000000000027,0.030000000000000027
27,2027-01-15,True,43,22,0.0,3,747.0,True,0.003,1,0.0,2,0.0,0,0.0,0,2026B_U252,19.7,22.6,17.0,18.8,0.95,0.98,0.030000000000000027,0.050000000000000044
27,2027-01-15,True,43,22,0.0,3,747.0,True,0.003,1,0.0,2,0.0,0,0.0,0,2026B_U258,36.1,36.5,18.5,22.8,0.63,0.66,0.030000000000000027,0.07999999999999996
27,2027-01-15,True,43,22,0.0,3,747.0,True,0.003,1,0.0,2,0.0,0,0.0,0,2026B_Y063,10.3,14.8,9.9,10.0,0.97,1.0,0.030000000000000027,0.030000000000000027
28,2027-01-23,False,17,330,0.0,300,554.0,True,0.0,16,0.0,0,0.0,0,0.0,0,2026B_C275,33.2,42.1,28.6,29.1,0.87,0.89,0.020000000000000018,0.13
28,2027-01-23,False,17,330,0.0,300,554.0,True,0.0,16,0.0,0,0.0,0,0.0,0,2026B_C362,0.0,0.0,0.0,0.0,0.0,0.0,0.0,0.0
28,2027-01-23,False,17,330,0.0,300,554.0,True,0.0,16,0.0,0,0.0,0,0.0,0,2026B_D466,9.5,11.1,9.5,9.5,1.0,0.0,0.0,0.0
28,2027-01-23,False,17,330,0.0,300,554.0,True,0.0,16,0.0,0,0.0,0,0.0,0,2026B_E475,600.0,0.0,0.0,0.0,0.0,0.0,0.0,0.0
28,2027-01-23,False,17,330,0.0,300,554.0,True,0.0,16,0.0,0,0.0,0,0.0,0,2026B_H402,10.7,14.4,10.4,10.5,0.98,1.0,0.020000000000000018,0.020000000000000018
28,2027-01-23,False,17,330,0.0,300,554.0,True,0.0,16,0.0,0,0.0,0,0.0,0,2026B_N040,5.4,7.0,5.3,5.3,0.98,1.0,0.020000000000000018,0.020000000000000018
28,2027-01-23,False,17,330,0.0,300,554.0,True,0.0,16,0.0,0,0.0,0,0.0,0,2026B_N062,14.1,18.9,13.7,13.8,0.98,1.0,0.020000000000000018,0.020000000000000018
28,2027-01-23,False,17,330,0.0,300,554.0,True,0.0,16,0.0,0,0.0,0,0.0,0,2026B_N144,25.5,30.7,24.7,24.8,0.97,0.99,0.020000000000000018,0.030000000000000027
28,2027-01-23,False,17,330,0.0,300,554.0,True,0.0,16,0.0,0,0.0,0,0.0,0,2026B_U252,19.7,22.6,18.1,18.8,0.95,0.97,0.020000000000000018,0.050000000000000044
28,2027-01-23,False,17,330,0.0,300,554.0,True,0.0,16,0.0,0,0.0,0,0.0,0,2026B_U258,36.1,36.5,21.5,22.5,0.62,0.65,0.030000000000000027,0.08999999999999997
28,2027-01-23,False,17,330,0.0,300,554.0,True,0.0,16,0.0,0,0.0,0,0.0,0,2026B_Y063,10.3,14.8,9.9,10.2,1.0,1.0,0.0,0.0
