starname,program_code,ra,dec,vmag,teff,jmag,pmra,pmdec,gaia_id,exptime,n_exp,n_intra_max,n_intra_min,n_inter_max,tau_intra,tau_inter,gmag
10002,BKUP,24.285948,-29.393263,8.13,5320.470406435,6.684000015258790,285.673,-70.19,Gaia DR2 5023104341621414400,161.0,1,1,1,1,0,1,8.13
10008,BKUP,24.397776,-6.760423600000000,7.66,5387.75867485,6.224999904632570,171.895,-98.17,Gaia DR2 2477815222028038272,116.0,1,1,1,1,0,1,7.66
100180,BKUP,172.93726500000000,14.364505,6.2,5988.08325413,5.179999828338620,-330.279,-190.081,Gaia DR2 3966121308211393920,41.0,3,1,1,1,0,1,6.2
100623,BKUP,173.62287,-32.831340000000000,5.98,5114.85569643,4.78000020980835,-670.12,822.228,Gaia DR2 3478127463341507072,22.0,3,1,1,1,0,1,5.98
101259,BKUP,174.75184500000000,-24.721093,6.42,4963.03462173,4.86299991607666,31.446,-240.949,Gaia DR2 3491774880840574464,33.0,3,1,1,1,0,1,6.42
10145,BKUP,25.4072055,66.90994600000000,7.7,5608.212811395,6.449999809265140,692.707,-265.728,Gaia DR2 519478154178249728,134.0,1,1,1,1,0,1,7.7
101501,BKUP,175.26256500000000,34.201636,5.32,5534.36731357,4.010000228881840,-12.247,-381.257,Gaia DR2 4025850731201819392,14.0,3,1,1,1,0,1,5.32
102158,BKUP,176.37711,47.666879,8.03,5667.68031172,6.860000133514400,-591.436,-290.828,Gaia DR2 786413532715960576,170.0,1,1,1,1,0,1,8.03
103095,BKUP,178.244865,37.718677,6.45,4967.65651427,4.936999797821050,4002.567,-5817.856,Gaia DR2 4034171629042489088,34.0,3,1,1,1,0,1,6.45
103432,BKUP,178.63362,19.411233,8.22,5632.54014983,6.956999778747560,-450.502,-16.554,Gaia DR2 3975129194660883328,194.0,1,1,1,1,0,1,8.22
103932,BKUP,179.48419500000000,-27.707043,6.97,4653.006211475,4.992000102996830,-1080.915,-621.085,Gaia DR2 3487062064765702272,43.0,3,1,1,1,0,1,6.97
104067,BKUP,179.79171000000000,-20.35378,7.93,4952.39432424,6.211999893188480,141.869,-423.911,Gaia DR2 3494677900774838144,119.0,1,1,1,1,0,1,7.93
104304,BKUP,180.18522,-10.446014,5.54,5592.96756467,4.28000020980835,82.841,-482.807,Gaia DR2 3575733210781078016,20.0,3,1,1,1,0,1,5.54
104556,BKUP,180.62049,43.084081,6.64,4858.23062898,5.099999904632570,-347.077,-510.84,Gaia DR2 1537769304681442176,37.0,3,1,1,1,0,1,6.64
10476,BKUP,25.624008,20.268504,5.2,5196.67035822,3.829999923706060,-301.592,-674.505,Gaia DR2 96331172942614528,12.0,3,1,1,1,0,1,5.2
105618,BKUP,182.40258,11.211576,8.64,5747.91020196,7.415999889373780,-104.613,-1.96,Gaia DR2 3906803888551408000,351.0,1,1,1,1,0,1,8.64
105631,BKUP,182.405235,40.252055,7.47,5469.90119553,6.027999877929690,-314.204,-50.999,Gaia DR2 1536064958579187840,103.0,1,1,1,1,0,1,7.47
106116,BKUP,183.12018,-3.0844722,7.5,5666.954106500000,6.2220001220703100,-606.833,418.418,Gaia DR2 3598278250031419008,118.0,1,1,1,1,0,1,7.5
106156,BKUP,183.239715,10.037716,7.92,5470.9284084,6.571000099182130,210.57,-358.329,Gaia DR2 3906347595518413568,145.0,1,1,1,1,0,1,7.92
10697,BKUP,26.232603,20.083149,6.292,5636.78898363,5.389999866485600,-42.979,-104.889,Gaia DR2 95652018353917056,38.0,3,1,1,1,0,1,6.292
10700,BKUP,26.0170125,-15.93748,3.5,5223.53772367,2.140000104904180,-1721.05,854.16,Gaia DR2 2452378776434276992,12.0,3,1,1,1,0,1,3.5
107148,BKUP,184.80621,-3.3197894,8.02,5787.15596302,6.857999801635740,-54.787,-47.395,Gaia DR2 3693358861640279296,177.0,1,1,1,1,0,1,8.02
10780,BKUP,26.936811,63.852501,5.63,5397.93893506,4.309999942779540,582.028,-246.228,Gaia DR2 512167948043650816,19.0,3,1,1,1,0,1,5.63
10790,BKUP,27.485727,76.992311,8.07,5449.96854178,6.5320000648498500,108.851,48.25,Gaia DR2 560384934529559808,161.0,1,1,1,1,0,1,8.07
10853,BKUP,26.66133,12.411772,8.91,4722.28681195,6.928999900817870,31.212,-74.873,Gaia DR2 2575383100738086656,256.0,1,1,1,1,0,1,8.91
108874,BKUP,187.612005,22.879829,8.76,5581.377338285,7.479000091552730,127.453,-90.12,Gaia DR2 3958951942642583936,351.0,1,1,1,1,0,1,8.76
109358,BKUP,188.43561,41.35748,4.26,5814.57250759,3.200000047683720,-704.75,292.74,Gaia DR2 1534011998570864256,12.0,3,1,1,1,0,1,4.26
11020,BKUP,26.909922,-26.750023,8.98,5125.47969276,7.552999973297120,-82.733,-275.32,Gaia DR2 5025366311917644416,329.0,1,1,1,1,0,1,8.98
110315,BKUP,190.276995,15.376664000000000,7.95,4506.4611704,5.834000110626220,107.744,-370.658,Gaia DR2 3934198156329809152,103.0,1,1,1,1,0,1,7.95
110537,BKUP,190.747185,-4.0493303,7.8,5696.41735336,6.579999923706060,-219.365,-179.682,Gaia DR2 3681795018676501120,149.0,1,1,1,1,0,1,7.8
110897,BKUP,191.247525,39.278916,5.95,5783.33908857,4.889999866485600,-359.785,138.994,Gaia DR2 1521686782461765888,31.0,3,1,1,1,0,1,5.95
111031,BKUP,191.62851,-11.812441,6.87,5766.101606795,5.741000175476070,-279.792,46.712,Gaia DR2 3529518709839090176,62.0,1,1,1,1,0,1,6.87
111395,BKUP,192.196035,24.840226,6.29,5668.0876666,5.123000144958500,-335.003,-105.623,Gaia DR2 3957887649746830976,39.0,3,1,1,1,0,1,6.29
111484B,BKUP,192.395085,3.8182194,8.9,6227.41517886,7.793000221252440,-76.702,-3.729,Gaia DR2 3705358587948014080,495.0,1,1,1,1,0,1,8.9
111515,BKUP,192.436785,1.1880378,8.1,5363.57534183,6.811999797821050,-79.501,-644.79,Gaia DR2 3702148666829533952,159.0,1,1,1,1,0,1,8.1
111631,BKUP,192.681525,-0.76813167,8.48,4433.81662095,5.752999782562260,-29.855,-397.051,Gaia DR2 3689602277083844480,165.0,1,1,1,1,0,1,8.48
112257,BKUP,193.78443,27.766359,7.8,5630.55429205,6.560999870300290,-12.385,-72.47,Gaia DR2 1463742931994936960,145.0,1,1,1,1,0,1,7.8
112914,BKUP,194.886585,41.986763,8.6,4840.59836393,6.77400016784668,-233.469,180.726,Gaia DR2 1527631807474248448,194.0,1,1,1,1,0,1,8.6
114174,BKUP,197.21259,5.207241100000000,6.8,5701.22171805,5.61299991607666,85.365,-680.258,Gaia DR2 3729017810434416128,54.0,3,1,1,1,0,1,6.8
114762,BKUP,198.08208,17.517111,7.3,5861.15973553,6.144999980926510,-586.287,2.257,Gaia DR2 3937211745904553600,110.0,1,1,1,1,0,1,7.3
114783,BKUP,198.182445,-2.2650397,7.57,5132.6060992,6.025000095367430,-138.403,10.228,Gaia DR2 3684934540986187776,95.0,1,1,1,1,0,1,7.57
114946,BKUP,198.54540000000000,-19.930947,5.33,5049.46898291,3.742000102996830,-119.59,159.61,Gaia DR2 3507245834075862528,12.0,3,1,1,1,0,1,5.33
115404A,BKUP,199.21272,17.017182000000000,6.52,5022.030760850000,4.900000095367430,636.031,-264.644,Gaia DR2 3936909723803146368,36.0,3,1,1,1,0,1,6.52
115617,BKUP,199.60131,-18.311196,4.74,5542.567497905,3.3340001106262200,-1070.36,-1063.69,Gaia DR2 3507879565090229888,12.0,3,1,1,1,0,1,4.74
116442,BKUP,200.91315000000000,2.723325,7.06,5150.47814996,5.609000205993650,12.362,199.177,Gaia DR2 3712538708114516736,50.0,3,1,1,1,0,1,7.06
116443,BKUP,200.920185,2.7252783,7.36,5001.09930817,5.76800012588501,5.693,201.281,Gaia DR2 3712538811193759744,71.0,1,1,1,1,0,1,7.36
116956,BKUP,201.43971,56.970493000000000,7.29,5447.31512111,5.811999797821050,-217.623,11.2,Gaia DR2 1565867461768654208,83.0,1,1,1,1,0,1,7.29
117176,BKUP,202.10754,13.778787,5.0,5475.61634346,3.799999952316280,-235.562,-576.283,Gaia DR2 3740176925743650688,12.0,3,1,1,1,0,1,5.0
117936,BKUP,203.385,8.5867642,7.99,4820.75966199,6.120999813079830,-505.612,93.695,Gaia DR2 3719665841269118720,119.0,1,1,1,1,0,1,7.99
118914,BKUP,204.838455,31.774162,8.83,5719.17051066,7.651000022888180,17.05,5.87,Gaia DR2 1456751549872252416,395.0,1,1,1,1,0,1,8.83
120066,BKUP,206.73801,6.350375,6.3,5819.28452587,5.211999893188480,-510.447,-110.225,Gaia DR2 3721126409323324416,42.0,3,1,1,1,0,1,6.3
120467,BKUP,207.436695,-22.111093,8.16,4522.83822188,5.919000148773190,-1749.946,-494.115,Gaia DR2 6288325222245417856,129.0,1,1,1,1,0,1,8.16
12051,BKUP,29.777637,33.20968,7.14,5471.04797812,5.755000114440920,243.757,-351.593,Gaia DR2 304991163902854784,70.0,1,1,1,1,0,1,7.14
122064,BKUP,209.383575,61.492861,6.37,4819.09670716,5.01800012588501,-32.074,216.317,Gaia DR2 1661568850770761600,30.0,3,1,1,1,0,1,6.37
122652,BKUP,210.63183,31.660855,7.172,6154.37194868,6.1570000648498500,-94.379,9.996,Gaia DR2 1454450340753382272,114.0,1,1,1,1,0,1,7.172
124106,BKUP,212.942385,-12.611766,7.92,5112.590088845,6.360000133514400,-254.112,-179.861,Gaia DR2 6303961686341504512,125.0,1,1,1,1,0,1,7.92
124292,BKUP,213.188505,-3.3200844,5.57,5461.46979701,5.736999988555910,-162.696,-322.369,Gaia DR2 3646061719703116032,18.0,3,1,1,1,0,1,5.57
124642,BKUP,213.48783,30.217187,8.06,4772.73185289,6.083000183105470,-398.061,175.142,Gaia DR2 1453180404823190912,126.0,1,1,1,1,0,1,8.06
125184,BKUP,214.50303,-7.542387800000000,6.5,5688.17851363,5.293000221252440,266.998,-236.793,Gaia DR2 3639760521643499776,45.0,3,1,1,1,0,1,6.5
125455,BKUP,214.895265,-5.151195,7.58,5124.25349277,6.089000225067140,-633.102,-120.705,Gaia DR2 3642413746280598784,95.0,1,1,1,1,0,1,7.58
126053,BKUP,215.813685,1.2415689,6.3,5651.95839534,5.052999973297120,223.547,-478.325,Gaia DR2 3654496279558010624,39.0,3,1,1,1,0,1,6.3
12661,BKUP,31.1428665,25.414305,7.44,5701.96350007,6.182000160217290,-108.181,-173.335,Gaia DR2 105332908999068032,114.0,1,1,1,1,0,1,7.44
126614,BKUP,216.70117500000000,-5.1777803,8.7,5438.47167612,7.46999979019165,-149.881,-145.915,Gaia DR2 3641697998570813952,304.0,1,1,1,1,0,1,8.7
127334,BKUP,217.40337,41.795911,6.4,5689.5487529,5.105000019073490,161.132,-220.604,Gaia DR2 1491593733326694912,42.0,3,1,1,1,0,1,6.4
128165,BKUP,218.370285,52.90879,7.23,4804.9687841,5.435999870300290,-191.561,247.973,Gaia DR2 1605198298364601088,54.0,3,1,1,1,0,1,7.23
128311,BKUP,219.00234,9.7465183,7.51,4996.75109943,5.771999835968020,204.36,-250.39,Gaia DR2 1176209886733406592,84.0,1,1,1,1,0,1,7.51
12846,BKUP,31.626015000000000,24.333993,6.897,5660.393470400000,5.709000110626220,6.091,-147.777,Gaia DR2 104453918172129792,58.0,3,1,1,1,0,1,6.897
129010,BKUP,220.23264,-26.428703,7.47,6024.31567666,6.376999855041500,-38.887,6.777,Gaia DR2 6223555466154957568,140.0,1,1,1,1,0,1,7.47
129814,BKUP,221.04873,18.462099,7.51,5775.53839616,6.331999778747560,-59.338,-165.084,Gaia DR2 1237374997031931392,126.0,1,1,1,1,0,1,7.51
130004,BKUP,221.350755,13.846315,7.87,4942.19632965,6.197000026702880,-231.634,-225.777,Gaia DR2 1185619988280226944,114.0,1,1,1,1,0,1,7.87
130307,BKUP,221.81709,2.7032242,7.8,5033.81979224,6.151000022888180,-288.02,-78.88,Gaia DR2 3655492127855307136,111.0,1,1,1,1,0,1,7.8
130322,BKUP,221.886375,-0.28147222,8.05,5443.922135615000,6.711999893188480,-130.798,-140.365,Gaia DR2 3650718804281798912,157.0,1,1,1,1,0,1,8.05
13043,BKUP,31.8928035,-0.61741833,6.87,5857.82205089,5.761000156402590,-249.835,-344.749,Gaia DR2 2506906787870475904,67.0,1,1,1,1,0,1,6.87
130992,BKUP,222.918615,-24.304133,7.79,4794.10004693,5.989999771118160,-944.563,-431.635,Gaia DR2 6229442835525861120,102.0,1,1,1,1,0,1,7.79
131117,BKUP,223.137915,-30.577253,6.29,5964.04534532,5.198999881744390,-335.294,-42.527,Gaia DR2 6217883669787280384,44.0,3,1,1,1,0,1,6.29
131509,BKUP,223.29966,28.508272,7.93,5049.48918681,6.306000232696530,-94.091,86.549,Gaia DR2 1281454212031460992,123.0,1,1,1,1,0,1,7.93
132142,BKUP,223.79601,53.680347,7.73,5088.254896055,6.26800012588501,-971.222,478.144,Gaia DR2 1606148310770764288,107.0,1,1,1,1,0,1,7.73
132505,BKUP,224.742495,17.326976000000000,7.82,5999.03153884,6.74399995803833,-34.116,-69.665,Gaia DR2 1188411442144592896,174.0,1,1,1,1,0,1,7.82
1326,BKUP,4.59535545,44.022953,8.07,4818.94322754,5.25,2891.525,411.903,Gaia DR2 385334230892516480,130.0,1,1,1,1,0,1,8.07
134987,BKUP,228.36945,-25.309347,6.45,5731.363753785000,5.26800012588501,-400.308,-75.16,Gaia DR2 6226694571859532800,44.0,3,1,1,1,0,1,6.45
135101A,BKUP,228.18117,19.286028,6.68,5633.066545835,5.402999877929690,-595.918,293.567,Gaia DR2 1212385193677160832,48.0,3,1,1,1,0,1,6.68
13612B,BKUP,33.194325,-2.3963614,7.74,5682.61705829,6.537000179290770,366.232,-67.449,Gaia DR2 2494066897240089984,143.0,1,1,1,1,0,1,7.74
136442,BKUP,230.19591,-2.4133306,6.35,4847.69332414,4.863999843597410,-260.712,-172.377,Gaia DR2 4414849698772235136,30.0,3,1,1,1,0,1,6.35
136713,BKUP,230.6529,-10.661123,7.99,5001.27493397,6.28000020980835,-59.29,-201.52,Gaia DR2 6316161317607999232,126.0,1,1,1,1,0,1,7.99
136834,BKUP,230.677275,1.4186267,8.3,4994.38096824,6.5960001945495600,-364.294,-364.143,Gaia DR2 4420712604009198080,167.0,1,1,1,1,0,1,8.3
136925,BKUP,230.71695,13.366429,8.0,5656.65884105,6.750999927520750,-271.078,-27.127,Gaia DR2 1170797781264303616,165.0,1,1,1,1,0,1,8.0
137778,BKUP,232.05087,-9.35786,7.62,5188.66120355,5.99399995803833,82.587,-356.741,Gaia DR2 6317854118838346752,102.0,1,1,1,1,0,1,7.62
138549,BKUP,233.473155,-31.019049,7.96,5586.29752312,6.664000034332280,-190.672,-35.908,Gaia DR2 6208649077782080000,156.0,1,1,1,1,0,1,7.96
138776,BKUP,233.570505,-2.7240686000000000,8.72,5660.03666129,7.474999904632570,-95.311,-145.581,Gaia DR2 4402244244636634240,355.0,1,1,1,1,0,1,8.72
1388,BKUP,4.4952954,-13.45564,6.5,5897.92154819,5.382999897003170,401.216,-0.129,Gaia DR2 2423292879948720000,48.0,3,1,1,1,0,1,6.5
13931,BKUP,34.1974125,43.772996,7.61,5809.827427045,6.452000141143800,98.797,-183.625,Gaia DR2 351537889154226816,139.0,1,1,1,1,0,1,7.61
139323,BKUP,233.98569,39.831117,7.56,5135.40322952,6.010000228881840,-449.1,50.782,Gaia DR2 1389522392427772288,94.0,1,1,1,1,0,1,7.56
139457,BKUP,234.49671,10.239876,7.04,5939.26326955,6.046000003814700,129.818,-358.765,Gaia DR2 1165262633571848064,85.0,1,1,1,1,0,1,7.04
139477,BKUP,233.83351500000000,60.086992,8.39,4736.36737791,6.464000225067140,171.974,-162.801,Gaia DR2 1603267143629157120,166.0,1,1,1,1,0,1,8.39
13997,BKUP,34.115553,12.379763,8.01,5511.45855243,6.666999816894530,227.567,-219.083,Gaia DR2 73781873084091264,156.0,1,1,1,1,0,1,8.01
140538A,BKUP,236.00758500000000,2.5151733,5.879,5679.97804907,4.590000152587890,-42.787,-136.857,Gaia DR2 4423865487962417024,28.0,3,1,1,1,0,1,5.879
141004,BKUP,236.610885,7.3530731,4.43,5878.774169785,3.380000114440920,-224.107,-69.384,Gaia DR2 4430238051199001216,12.0,3,1,1,1,0,1,4.43
141272,BKUP,237.03943500000000,1.5717394000000000,7.44,5371.22088625,5.991000175476070,-176.011,-166.327,Gaia DR2 4422809716282811776,94.0,1,1,1,1,0,1,7.44
141399,BKUP,236.724225,46.986262,7.21,5602.67894023,5.889999866485600,-108.357,6.198,Gaia DR2 1398218223733415552,84.0,1,1,1,1,0,1,7.21
142229,BKUP,238.333365,4.2531897,8.08,5932.55780506,6.968999862670900,-34.238,9.29,Gaia DR2 4426054581256895104,197.0,1,1,1,1,0,1,8.08
142267,BKUP,238.30041,13.196623,6.1,5722.968630915,5.099999904632570,-150.43,-560.456,Gaia DR2 1191518146611956096,34.0,3,1,1,1,0,1,6.1
143291,BKUP,239.633445,27.739995,8.01,5207.73794579,6.544000148773190,-776.356,293.489,Gaia DR2 1316590033811497088,138.0,1,1,1,1,0,1,8.01
143761,BKUP,240.26109,33.303509000000000,5.4,5737.790902235,4.090000152587890,-198.536,-772.415,Gaia DR2 1323427759184545536,19.0,3,1,1,1,0,1,5.4
14412,BKUP,34.7437695,-25.945687,6.34,5320.13160131,5.056000232696530,-217.662,444.584,Gaia DR2 5117974602912370432,35.0,3,1,1,1,0,1,6.34
144287,BKUP,241.01547,25.254843,7.1,5382.14729143,5.626999855041500,-488.309,694.549,Gaia DR2 1219254942328596736,61.0,1,1,1,1,0,1,7.1
144579,BKUP,241.23664500000000,39.156509,6.66,5142.21355631,5.182000160217290,-571.031,52.625,Gaia DR2 1379500756257031808,41.0,3,1,1,1,0,1,6.66
144585,BKUP,241.764045,-14.071292,6.32,5846.86368423,5.181000232696530,-261.512,9.583,Gaia DR2 4341501106288171008,43.0,3,1,1,1,0,1,6.32
145675,BKUP,242.601315,43.817645,6.67,5358.4014128,5.1579999923706100,132.019,-296.464,Gaia DR2 1385293808145621504,44.0,3,1,1,1,0,1,6.67
145809,BKUP,243.41809500000000,-21.39996,6.69,5687.04607589,5.52400016784668,-122.876,8.013,Gaia DR2 6243032008973309440,49.0,3,1,1,1,0,1,6.69
145934,BKUP,243.29118,13.239467,8.49,4880.25554627,6.757999897003170,9.064,-1.469,Gaia DR2 4463442512084825728,184.0,1,1,1,1,0,1,8.49
145958B,BKUP,243.326745,13.528056,6.8,5407.43093343,5.5960001945495600,193.921,-422.524,Gaia DR2 4464207428577214464,47.0,3,1,1,1,0,1,6.8
1461,BKUP,4.6744488,-8.053001400000000,6.46,5725.3161921,5.328999996185300,417.875,-143.768,Gaia DR2 2430102808294101760,44.0,3,1,1,1,0,1,6.46
146233,BKUP,243.905295,-8.3694417,5.5,5777.682926185,4.666999816894530,232.159,-495.368,Gaia DR2 4345775217221821312,21.0,3,1,1,1,0,1,5.5
146775,BKUP,244.78513500000000,-28.293883,7.69,5820.61834585,6.544000148773190,51.81,-255.744,Gaia DR2 6039200454610268800,148.0,1,1,1,1,0,1,7.69
147231,BKUP,243.709365,70.929663,7.9,5571.70393543,6.563000202178960,-5.277,-287.265,Gaia DR2 1653185486926274048,150.0,1,1,1,1,0,1,7.9
147379A,BKUP,244.178115,67.238846,8.6,4456.429686795,5.77899980545044,-498.018,84.11,Gaia DR2 1642641410934267008,178.0,1,1,1,1,0,1,8.6
148467,BKUP,246.98712,7.3054494,8.82,4491.47973437,6.551000118255620,-248.818,-264.672,Gaia DR2 4439625337884136064,200.0,1,1,1,1,0,1,8.82
149661,BKUP,249.08937,-2.3245836,5.76,5278.96477184,4.329999923706060,456.429,-309.261,Gaia DR2 4358031335897026304,20.0,3,1,1,1,0,1,5.76
149724,BKUP,249.20232,-6.2943028,7.84,5674.94476588,6.638999938964840,-22.962,-1.85,Gaia DR2 4351579573463528576,152.0,1,1,1,1,0,1,7.84
149806,BKUP,249.28512000000000,0.25434194,7.1,5361.96225978,5.692999839782720,93.242,78.673,Gaia DR2 4383374219923745024,61.0,1,1,1,1,0,1,7.1
150433,BKUP,250.284225,-2.8572772,7.24,5599.01426007,6.013999938964840,-26.81,-444.697,Gaia DR2 4354950641755249024,87.0,1,1,1,1,0,1,7.24
150437,BKUP,250.53045,-29.124995,7.85,5794.02369314,6.671000003814700,37.822,-99.083,Gaia DR2 6032076237756291840,161.0,1,1,1,1,0,1,7.85
150698,BKUP,250.96431,-26.808946,6.72,5831.80581433,5.585000038146970,-19.645,-101.678,Gaia DR2 6034115964943993472,56.0,3,1,1,1,0,1,6.72
151288,BKUP,251.27646,33.509229,8.11,4457.490670905,5.480000019073490,-39.975,382.224,Gaia DR2 1314438839310796800,121.0,1,1,1,1,0,1,8.11
151541,BKUP,250.66074000000000,68.10216900000000,7.56,5319.93844334,6.126999855041500,-283.092,425.695,Gaia DR2 1648568843759668480,103.0,1,1,1,1,0,1,7.56
151877,BKUP,252.147975,37.013369,8.4,5197.90121555,6.86899995803833,-59.917,-364.411,Gaia DR2 1351435653238542976,188.0,1,1,1,1,0,1,8.4
151995,BKUP,252.52201500000000,18.900419,8.84,4751.18473899,6.980999946594240,-46.932,-71.948,Gaia DR2 4559848344443069952,240.0,1,1,1,1,0,1,8.84
152391,BKUP,253.245015,-0.026421111,6.64,5491.61596902,5.235000133514400,-711.833,-1483.882,Gaia DR2 4381250547575102208,45.0,3,1,1,1,0,1,6.64
152792,BKUP,253.38471000000000,42.824856,6.74,5596.22847503,5.534999847412110,120.503,-325.746,Gaia DR2 1357935759823973376,49.0,3,1,1,1,0,1,6.74
15335,BKUP,37.202061,29.93176,5.91,5844.53455745,4.940000057220460,-66.071,71.499,Gaia DR2 131483276941461888,31.0,3,1,1,1,0,1,5.91
153458,BKUP,255.006915,-7.5316572,7.99,5825.26967049,6.801000118255620,98.107,-20.263,Gaia DR2 4339941101147274496,177.0,1,1,1,1,0,1,7.99
153525,BKUP,254.42595,47.362144,7.88,4898.02659273,6.10099983215332,-139.712,262.08,Gaia DR2 1408029436569383296,113.0,1,1,1,1,0,1,7.88
154088,BKUP,256.116015,-28.582678,6.59,5446.01950588,5.224999904632570,83.229,-268.601,Gaia DR2 6029992663310612096,43.0,3,1,1,1,0,1,6.59
154345,BKUP,255.65169,47.081881,6.74,5472.86879027,5.410999774932860,123.204,853.742,Gaia DR2 1359938520253565952,47.0,3,1,1,1,0,1,6.74
154363,BKUP,256.26414000000000,-5.066507500000000,7.73,4441.4533639500000,5.521999835968020,-916.562,-1138.804,Gaia DR2 4364527594192166400,84.0,1,1,1,1,0,1,7.73
155712,BKUP,258.15676500000000,18.351193,7.95,4932.4342139,6.234000205993650,101.789,-116.893,Gaia DR2 4548462729742343296,120.0,1,1,1,1,0,1,7.95
156026,BKUP,259.05568500000000,-26.546147,6.34,4542.50504663,4.15500020980835,-479.85,-1124.545,Gaia DR2 4109034455276324608,27.0,3,1,1,1,0,1,6.34
156279,BKUP,258.096675,63.352094,8.07,5470.23402271,6.677000045776370,-2.026,160.207,Gaia DR2 1631084478574318976,162.0,1,1,1,1,0,1,8.07
156365,BKUP,259.52973000000000,-24.073022,6.591,5840.08997147,5.458000183105470,98.582,-74.015,Gaia DR2 4111078309939315840,49.0,3,1,1,1,0,1,6.591
156668,BKUP,259.4187,29.227226,8.43,4800.69008941,6.5929999351501500,-72.627,216.769,Gaia DR2 4575374857376398976,174.0,1,1,1,1,0,1,8.43
156826,BKUP,259.998135,-5.9175086,6.32,5130.14766846,5.015999794006350,45.285,-192.996,Gaia DR2 4361365433110271232,32.0,3,1,1,1,0,1,6.32
156985,BKUP,259.46010000000000,52.447114,7.95,4793.072717750000,6.127999782562260,16.704,-195.566,Gaia DR2 1416124285987232256,115.0,1,1,1,1,0,1,7.95
157172,BKUP,260.64402,-19.616181,7.86,5491.3696832,6.533999919891360,2.428,-138.508,Gaia DR2 4122133830616441728,141.0,1,1,1,1,0,1,7.86
157214,BKUP,260.16486,32.467743,5.4,5617.59134572,4.159999847412110,135.731,-1040.913,Gaia DR2 1333760419707327744,17.0,3,1,1,1,0,1,5.4
157338,BKUP,261.03643500000000,-34.798448,6.921,5929.90479532,5.870999813079830,-0.39,-182.73,Gaia DR2 5975810379449715968,74.0,1,1,1,1,0,1,6.921
157347,BKUP,260.713695,-2.3881758,6.293,5631.33544832,5.132999897003170,48.736,-108.182,Gaia DR2 4367026303085396352,38.0,3,1,1,1,0,1,6.293
157881,BKUP,261.438465,2.1114222,7.54,4456.90381124,4.934000015258790,-580.212,-1184.647,Gaia DR2 4375233191015944192,69.0,1,1,1,1,0,1,7.54
158633,BKUP,261.25041,67.30670500000000,6.43,5212.90121306,4.968999862670900,-531.958,4.734,Gaia DR2 1637110042813188608,36.0,3,1,1,1,0,1,6.43
159062,BKUP,262.568445,47.402203,7.22,5287.73387529,5.803999900817870,169.747,77.164,Gaia DR2 1362295082910131200,69.0,1,1,1,1,0,1,7.22
159222,BKUP,263.004135,34.271147,6.56,5891.71547921,5.3420000076293900,-240.698,63.71,Gaia DR2 1335880415564253312,50.0,3,1,1,1,0,1,6.56
160693,BKUP,264.90363,37.183754,8.36,5741.26829689,7.22599983215332,-498.0,-820.806,Gaia DR2 1342299192648782592,256.0,1,1,1,1,0,1,8.36
16141,BKUP,38.833035,-3.5606019,6.78,5749.60140996,5.678999900817870,-155.582,-437.987,Gaia DR2 2495335115182966016,55.0,3,1,1,1,0,1,6.78
16160,BKUP,39.020391,6.886870300000000,5.82,4743.46126384,4.150000095367430,1777.432,1474.053,Gaia DR2 19316224572460416,17.0,3,1,1,1,0,1,5.82
161797,BKUP,266.614695,27.720676,3.41,5621.87035023,2.140000104904180,-291.66,-749.6,Gaia DR2 4594497769763697792,12.0,3,1,1,1,0,1,3.41
161848,BKUP,266.925375,4.9396453000000000,8.91,5026.65848235,7.336999893188480,-546.113,-215.07,Gaia DR2 4473406492614274816,297.0,1,1,1,1,0,1,8.91
16275,BKUP,39.2735235,12.901898,8.65,5864.86776418,7.505000114440920,-2.295,-88.011,Gaia DR2 26584305669737984,378.0,1,1,1,1,0,1,8.65
16287,BKUP,39.174009,-3.1561397,8.11,5119.78629048,6.51800012588501,323.013,58.384,Gaia DR2 2495442626804315392,147.0,1,1,1,1,0,1,8.11
163153,BKUP,268.7403,-7.733943300000000,6.92,5611.61682246,5.672999858856200,-54.803,-55.588,Gaia DR2 4171518910746338560,58.0,3,1,1,1,0,1,6.92
163489,BKUP,269.0496,4.8335889000000000,7.83,4950.14702139,5.802000045776370,1.111,10.988,Gaia DR2 4472863780548763008,111.0,1,1,1,1,0,1,7.83
16397,BKUP,39.6160935,30.816626,7.34,5717.06014559,6.199999809265140,-487.583,-386.95,Gaia DR2 132922438878995968,104.0,1,1,1,1,0,1,7.34
164507,BKUP,270.238635,15.09355,6.292,5561.58120956,5.189000129699710,-53.138,-98.328,Gaia DR2 4501404113107826816,37.0,3,1,1,1,0,1,6.292
164595,BKUP,270.16206,29.571922,7.08,5679.4747226,5.863999843597410,-139.13,173.475,Gaia DR2 4584639307993378432,74.0,1,1,1,1,0,1,7.08
164922,BKUP,270.62859000000000,26.313001,6.99,5347.0422861,5.552999973297120,389.653,-602.314,Gaia DR2 4582680493669880704,50.0,3,1,1,1,0,1,6.99
165401,BKUP,271.40607,4.6571728,6.8,5804.2509722,5.656000137329100,-31.94,-321.65,Gaia DR2 4471087175915086080,60.0,1,1,1,1,0,1,6.8
166,BKUP,1.6532662500000000,29.021502,6.13,5580.24318581,4.732999801635740,380.092,-177.573,Gaia DR2 2860924621205256704,33.0,3,1,1,1,0,1,6.13
16623,BKUP,39.7903035,-26.318713,8.83,5702.99338751,7.622000217437740,170.779,-234.611,Gaia DR2 5070653237360687616,392.0,1,1,1,1,0,1,8.83
166620,BKUP,272.405895,38.457777,6.37,4961.21812948,4.78000020980835,-316.52,-468.214,Gaia DR2 4610177733290768896,32.0,3,1,1,1,0,1,6.37
167042,BKUP,272.631375,54.28594400000000,5.97,4990.42414694,3.933000087738040,107.225,247.292,Gaia DR2 2149564787289902848,21.0,3,1,1,1,0,1,5.97
167215,BKUP,273.247515,28.257602,8.1,6073.86811618,6.982999801635740,-4.278,111.705,Gaia DR2 4589331164627790464,229.0,1,1,1,1,0,1,8.1
167216,BKUP,273.25962,28.246628,8.23,6084.58720319,7.131999969482420,-3.819,110.446,Gaia DR2 4589330954171828608,285.0,1,1,1,1,0,1,8.23
167389,BKUP,273.28011,41.475366,7.39,5909.57273185,6.223999977111820,50.734,-129.002,Gaia DR2 2113056534482408448,123.0,1,1,1,1,0,1,7.39
167665,BKUP,274.348965,-28.288975,6.4,6102.7302966,5.394000053405760,133.482,-152.885,Gaia DR2 4052127925286198400,49.0,3,1,1,1,0,1,6.4
168009,BKUP,273.88527,45.209318,6.309,5773.16879077,5.119999885559080,-77.331,-114.69,Gaia DR2 2115351387048328832,41.0,3,1,1,1,0,1,6.309
168443,BKUP,275.016375,-9.5957225,6.92,5527.765535925,5.640999794006350,-91.685,-224.285,Gaia DR2 4157584215800708736,54.0,3,1,1,1,0,1,6.92
168746,BKUP,275.45742,-11.922694,7.95,5519.963411180000,6.678999900817870,-23.099,-68.299,Gaia DR2 4153637759337630720,151.0,1,1,1,1,0,1,7.95
169830,BKUP,276.956175,-29.816865000000000,5.911,6195.457053210000,4.973999977111820,-0.489,16.453,Gaia DR2 4048037707717866880,36.0,3,1,1,1,0,1,5.911
170174,BKUP,276.97806,6.6001,8.31,4985.00740982,6.329999923706060,1.356,-2.024,Gaia DR2 4477223378527434880,167.0,1,1,1,1,0,1,8.31
170469,BKUP,277.29576000000000,11.695502,8.22,5813.23436393,7.046999931335450,-48.418,-17.47,Gaia DR2 4484013343859055744,220.0,1,1,1,1,0,1,8.22
170493,BKUP,277.468365,-1.8181036,8.05,4770.485457,6.068999767303470,172.079,-193.48,Gaia DR2 4270446404294208000,125.0,1,1,1,1,0,1,8.05
170657,BKUP,277.828995,-18.908812,6.82,5082.552293900000,5.285999774932860,-138.402,-195.274,Gaia DR2 4093301474693288960,44.0,3,1,1,1,0,1,6.82
171067,BKUP,278.0436,13.736565,7.2,5644.41016721,5.896999835968020,112.414,122.644,Gaia DR2 4508601275714721152,85.0,1,1,1,1,0,1,7.2
171665,BKUP,279.303495,-25.671266,7.46,5626.91653271,6.193999767303470,171.009,-281.906,Gaia DR2 4076014471814188160,111.0,1,1,1,1,0,1,7.46
17190,BKUP,41.5633635,25.649899,7.81,5199.63974967,6.367000102996830,237.607,-149.012,Gaia DR2 114575472461716864,120.0,1,1,1,1,0,1,7.81
171918,BKUP,279.427605,-7.336702800000000,7.99,5719.39013742,6.755000114440920,107.133,-76.437,Gaia DR2 4252845834480420736,168.0,1,1,1,1,0,1,7.99
172051,BKUP,279.722505,-21.051871,5.866,5581.778214330000,4.789000034332280,-75.128,-153.645,Gaia DR2 4079684229322231040,26.0,3,1,1,1,0,1,5.866
17230,BKUP,41.57199,11.77524,8.57,4500.08316209,6.284999847412110,263.874,-211.202,Gaia DR2 25488745411919360,176.0,1,1,1,1,0,1,8.57
172310,BKUP,279.56712,28.925421000000000,8.42,5389.46695634,7.123000144958500,-40.86,-470.594,Gaia DR2 4587501474202077696,201.0,1,1,1,1,0,1,8.42
172513,BKUP,280.509825,-34.466335,7.94,5533.68544541,6.64900016784668,-5.063,-64.955,Gaia DR2 6735442725215002112,151.0,1,1,1,1,0,1,7.94
173701,BKUP,281.14632,43.833276,7.52,5452.420588025000,6.0879998207092300,-105.631,-1.833,Gaia DR2 2117279002732678656,106.0,1,1,1,1,0,1,7.52
173818,BKUP,281.863545,-3.6398308,8.81,4468.95655989,6.383999824523930,-132.217,-274.949,Gaia DR2 4258375617747092864,198.0,1,1,1,1,0,1,8.81
17382,BKUP,42.0380955,27.068632,7.56,5347.49518229,6.064000129699710,279.962,-119.148,Gaia DR2 114832620743735808,104.0,1,1,1,1,0,1,7.56
174080,BKUP,282.12177,10.74545,7.99,4730.08902943,6.025000095367430,127.878,-436.586,Gaia DR2 4503794795019024000,116.0,1,1,1,1,0,1,7.99
175541,BKUP,283.920345,4.265324700000000,8.03,5016.47781742,6.38700008392334,-6.744,-90.226,Gaia DR2 4281180283478682496,132.0,1,1,1,1,0,1,8.03
176377,BKUP,284.71251000000000,30.180645,6.78,5808.89146729,5.625,55.602,194.502,Gaia DR2 2041085973668754176,58.0,3,1,1,1,0,1,6.78
176982,BKUP,285.684975,-0.71123222,8.35,5445.71423638,6.98799991607666,-29.894,-124.777,Gaia DR2 4265524749785867008,196.0,1,1,1,1,0,1,8.35
177153,BKUP,285.415425,41.490082,7.2,5985.111502255,6.144999980926510,-77.729,31.219,Gaia DR2 2103877089862772352,107.0,1,1,1,1,0,1,7.2
177830,BKUP,286.33656,25.920661,7.175,4862.581649765000,5.367000102996830,-41.335,-52.433,Gaia DR2 2035963417721248128,51.0,3,1,1,1,0,1,7.175
178911B,BKUP,287.26293,34.599848,7.98,5609.095902535,6.749000072479250,57.177,195.9,Gaia DR2 2044341077844180736,160.0,1,1,1,1,0,1,7.98
179949,BKUP,288.88845,-24.179352,6.254,6197.01948149,5.296000003814700,118.552,-102.235,Gaia DR2 6770313530317154560,46.0,3,1,1,1,0,1,6.254
180161,BKUP,288.047325,57.671981,7.04,5475.80962943,5.651000022888180,216.269,407.847,Gaia DR2 2143016302194287488,60.0,1,1,1,1,0,1,7.04
180684,BKUP,289.202445,18.976334,7.045,6030.37494815,5.974999904632570,10.684,-65.08,Gaia DR2 4515383166527921152,91.0,1,1,1,1,0,1,7.045
181234,BKUP,290.000415,-9.3236006,8.4,5385.617448,7.151999950408940,-122.751,-318.277,Gaia DR2 4201307051566729984,198.0,1,1,1,1,0,1,8.4
182488,BKUP,290.891715,33.221966000000000,6.361,5429.76191159,5.36899995803833,81.803,160.392,Gaia DR2 2046207670631964928,37.0,3,1,1,1,0,1,6.361
182488,BKUP,290.891715,33.221966000000000,6.361,5429.76191159,5.36899995803833,81.803,160.392,Gaia DR2 2046207670631964928,37.0,3,1,1,1,0,1,6.361
182572,BKUP,291.24250500000000,11.944416,5.16,5624.09118365,3.920000076293950,721.042,643.379,Gaia DR2 4315804351350378496,12.0,3,1,1,1,0,1,5.16
1832,BKUP,5.7508716,22.375001,7.62,5710.20007152,6.375,202.321,-221.094,Gaia DR2 2800690281858225408,133.0,1,1,1,1,0,1,7.62
183263,BKUP,292.10238,8.3580542,7.86,5909.0585201,6.7820000648498500,-19.127,-32.162,Gaia DR2 4296208099222829568,171.0,1,1,1,1,0,1,7.86
183650,BKUP,292.33935,31.608656,6.96,5680.47304345,5.6570000648498500,-24.24,-410.953,Gaia DR2 2045074245953051648,63.0,1,1,1,1,0,1,6.96
183658,BKUP,292.71966000000000,-6.5144233,7.28,5744.97954173,6.158999919891360,-141.377,-141.273,Gaia DR2 4208110932591708672,100.0,1,1,1,1,0,1,7.28
183870,BKUP,293.02794,-11.274942,7.57,5057.43616874,5.912000179290770,234.465,18.134,Gaia DR2 4187837450005193088,92.0,1,1,1,1,0,1,7.57
18445,BKUP,44.30494950000000,-24.97512,7.78,4889.84807304,6.085999965667730,1.073,-40.46,Gaia DR2 5076269164798852864,104.0,1,1,1,1,0,1,7.78
185144,BKUP,293.089965,69.661176,4.7,5242.50496588,3.4200000762939500,598.07,-1738.4,Gaia DR2 2261614264930275072,12.0,3,1,1,1,0,1,4.7
185295,BKUP,294.56646,5.0071444000000000,8.65,5174.56335859,7.074999809265140,-21.79,4.965,Gaia DR2 4291058948801150848,241.0,1,1,1,1,0,1,8.65
185414,BKUP,293.981715,56.983901,6.73,5796.4986475000000,5.508999824523930,5.619,-204.418,Gaia DR2 2142179058450057856,55.0,3,1,1,1,0,1,6.73
18632,BKUP,45.011721,7.749751700000000,7.97,5139.40238599,6.322999954223630,327.903,21.242,Gaia DR2 8479094371605632,131.0,1,1,1,1,0,1,7.97
186408,BKUP,295.45398,50.52506,5.96,5756.367726125,5.091000080108640,-148.299,-158.961,Gaia DR2 2135550755683405952,30.0,3,1,1,1,0,1,5.96
186427,BKUP,295.46655000000000,50.517523,6.2,5715.78771167,4.989999771118160,-134.791,-162.493,Gaia DR2 2135550755683407232,37.0,3,1,1,1,0,1,6.2
187123,BKUP,296.742135,34.419524,7.86,5779.905953675,6.635000228881840,142.581,-123.603,Gaia DR2 2047452661412980736,161.0,1,1,1,1,0,1,7.86
187237,BKUP,297.003675,27.86953,6.88,5824.96418319,5.676000118255620,-9.93,222.13,Gaia DR2 2028211207952435840,66.0,1,1,1,1,0,1,6.88
187897,BKUP,298.03911,7.4600428,7.1,5941.23090303,6.056000232696530,133.599,67.781,Gaia DR2 4298143102210310272,92.0,1,1,1,1,0,1,7.1
187923,BKUP,298.01433000000000,11.628329,6.1,5692.84399489,5.283999919891360,-344.185,-334.608,Gaia DR2 4303735493232528640,33.0,3,1,1,1,0,1,6.1
188015,BKUP,298.018935,28.100377,8.22,5685.4323603600000,7.007999897003170,52.544,-91.934,Gaia DR2 2028419118720795392,197.0,1,1,1,1,0,1,8.22
18803,BKUP,45.6084465,26.609240000000000,6.62,5633.59898578,5.340000152587890,233.122,-168.438,Gaia DR2 115311458058061440,47.0,3,1,1,1,0,1,6.62
188510,BKUP,298.790325,10.740941,8.82,5275.33858709,7.570000171661380,-38.516,290.826,Gaia DR2 4303364682926575744,311.0,1,1,1,1,0,1,8.82
188512,BKUP,298.828305,6.406763300000000,3.71,5118.72102956,2.200000047683720,45.27,-481.91,Gaia DR2 4296708789289486080,12.0,3,1,1,1,0,1,3.71
189625,BKUP,300.38667,-16.868997,7.35,5855.53162935,6.182000160217290,146.966,-75.8,Gaia DR2 6871005636949836928,115.0,1,1,1,1,0,1,7.35
189733,BKUP,300.182145,22.710853,7.67,5073.89176401,6.070000171661380,-3.294,-250.225,Gaia DR2 1827242816201846144,101.0,1,1,1,1,0,1,7.67
190007,BKUP,300.696015,3.3261883,7.48,4672.03784507,5.47599983215332,-90.29,119.506,Gaia DR2 4247023886053586304,71.0,1,1,1,1,0,1,7.48
190067,BKUP,300.642315,15.592075,7.16,5337.76789584,5.763999938964840,-159.558,-581.974,Gaia DR2 1807953155988203264,65.0,1,1,1,1,0,1,7.16
19034,BKUP,45.9123285,-5.666299700000000,8.09,5415.91856222,6.796999931335450,333.487,-263.712,Gaia DR2 5181087291900789888,161.0,1,1,1,1,0,1,8.09
190360,BKUP,300.90585,29.896806,5.71,5556.03268694,4.553999900817870,683.341,-525.675,Gaia DR2 2029433521248546304,22.0,3,1,1,1,0,1,5.71
190404,BKUP,300.9672,23.340686,7.28,4855.121549175,5.671000003814700,-1004.042,-912.768,Gaia DR2 1833199729671740800,60.0,1,1,1,1,0,1,7.28
190406,BKUP,301.02594,17.070173,5.8,5946.330856530000,4.689000129699710,-387.59,-419.542,Gaia DR2 1821708351374312064,30.0,3,1,1,1,0,1,5.8
190406,BKUP,301.02594,17.070173,5.8,5946.330856530000,4.689000129699710,-387.59,-419.542,Gaia DR2 1821708351374312064,30.0,3,1,1,1,0,1,5.8
191785,BKUP,302.775315,16.188,7.33,5096.041596325,5.826000213623050,-414.664,398.48,Gaia DR2 1809360187271699584,71.0,1,1,1,1,0,1,7.33
192020,BKUP,302.85465,38.400144,7.97,5165.29885526,6.364999771118160,37.702,118.259,Gaia DR2 2061688931804621184,132.0,1,1,1,1,0,1,7.97
192310,BKUP,303.822465,-27.032977,5.73,5096.561646315,4.110000133514400,1242.527,-181.044,Gaia DR2 6847167606385195648,18.0,3,1,1,1,0,1,5.73
192343,BKUP,303.538245,6.577209700000000,8.02,5737.41444079,6.836999893188480,-129.729,-59.388,Gaia DR2 4249652783985617920,174.0,1,1,1,1,0,1,8.02
192344,BKUP,303.54072,6.5889728000000000,7.7,5654.93064814,6.448999881744390,-132.528,-58.445,Gaia DR2 4249652990144051840,137.0,1,1,1,1,0,1,7.7
19308,BKUP,46.9141785,36.617622,7.36,5812.39454217,6.1570000648498500,241.022,-217.657,Gaia DR2 138972467251590656,113.0,1,1,1,1,0,1,7.36
193202,BKUP,302.718405,77.23897100000000,8.88,4478.707652595,6.408999919891360,57.288,513.248,Gaia DR2 2290483248388179328,215.0,1,1,1,1,0,1,8.88
19373,BKUP,47.266749,49.613277,4.05,5943.75146651,3.140000104904180,1262.41,-91.5,Gaia DR2 436648129326142336,12.0,3,1,1,1,0,1,4.05
193795,BKUP,305.31346500000000,28.106837,8.5,5824.74387294,7.34600019454956,-75.521,-164.396,Gaia DR2 1836310454221890304,325.0,1,1,1,1,0,1,8.5
193901,BKUP,305.89936500000000,-21.370617000000000,8.67,5691.86995204,7.5,540.291,-1056.782,Gaia DR2 6859076107589173120,347.0,1,1,1,1,0,1,8.67
19467,BKUP,46.82739600000000,-13.761783,7.0,5674.57296954,5.801000118255620,-8.685,-260.566,Gaia DR2 5155981730587168384,66.0,1,1,1,1,0,1,7.0
195019,BKUP,307.077645,18.769497,6.91,5730.079554485000,5.604000091552730,349.644,-56.571,Gaia DR2 1815418118373631360,63.0,1,1,1,1,0,1,6.91
195564,BKUP,308.098725,-9.8533836,5.65,5650.06043369,4.309000015258790,309.542,110.075,Gaia DR2 6904703228801028864,23.0,3,1,1,1,0,1,5.65
196201,BKUP,308.859285,11.357128,8.51,5430.0600539,7.072000026702880,72.515,366.028,Gaia DR2 1754663916181432704,240.0,1,1,1,1,0,1,8.51
196761,BKUP,310.04898,-23.773868,6.37,5460.85004342,5.296000003814700,501.45,461.36,Gaia DR2 6854626246593473792,38.0,3,1,1,1,0,1,6.37
196850,BKUP,309.667455,38.635093,6.78,5743.73605709,5.537000179290770,200.846,-192.728,Gaia DR2 2063583390317759616,55.0,3,1,1,1,0,1,6.78
197076,BKUP,310.18809,19.935536,6.45,5824.95802704,5.251999855041500,118.655,312.341,Gaia DR2 1814241194252808704,46.0,3,1,1,1,0,1,6.45
198425,BKUP,312.31764000000000,32.284787,8.25,4971.017918200000,6.5320000648498500,-161.697,-266.962,Gaia DR2 1859954627138933888,159.0,1,1,1,1,0,1,8.25
198802,BKUP,313.27332,-11.573659,6.391,5691.42426106,5.198999881744390,40.47,43.52,Gaia DR2 6889877723248418816,42.0,3,1,1,1,0,1,6.391
199305,BKUP,313.332465,62.15439,8.54,4428.999694185,5.428999900817870,0.191,-772.885,Gaia DR2 2195886971653527168,171.0,1,1,1,1,0,1,8.54
199476,BKUP,312.937275,74.780328,7.77,5452.01890435,6.5,401.972,576.03,Gaia DR2 2277839861099828480,130.0,1,1,1,1,0,1,7.77
199960,BKUP,315.141,-4.7302614,6.214,5914.47767549,5.15399980545044,48.856,-137.781,Gaia DR2 6912276699251278848,41.0,3,1,1,1,0,1,6.214
200538,BKUP,316.27047,-32.82617,7.74,5966.887618600000,6.660999774932860,-47.207,-6.051,Gaia DR2 6781060947234204288,163.0,1,1,1,1,0,1,7.74
200565,BKUP,316.02372,3.9806797,8.42,5829.89683651,7.198999881744390,-59.356,-159.66,Gaia DR2 1732831875859320576,299.0,1,1,1,1,0,1,8.42
201091,BKUP,316.72476,38.749416,5.21,4510.15049036,3.119999885559080,4164.174,3249.991,Gaia DR2 1872046574983507456,12.0,3,1,1,1,0,1,5.21
201092,BKUP,316.73026500000000,38.742056,6.03,4433.83461339,3.549999952316280,4105.786,3155.759,Gaia DR2 1872046574983497216,18.0,3,1,1,1,0,1,6.03
20165,BKUP,48.69678,8.980791900000000,7.83,5135.352664710000,6.294000148773190,400.334,-404.521,Gaia DR2 14163878724940672,118.0,1,1,1,1,0,1,7.83
2025,BKUP,6.10805955,-27.026772,7.93,4822.632740845,6.197000026702880,665.588,84.102,Gaia DR2 2322574488107786624,114.0,1,1,1,1,0,1,7.93
202575,BKUP,319.135275,9.3938256,7.91,4786.94314155,6.065999984741210,145.63,-118.545,Gaia DR2 1743592452563243136,111.0,1,1,1,1,0,1,7.91
202751,BKUP,319.51239,0.16157944,8.23,4732.47193976,6.36899995803833,467.455,-188.086,Gaia DR2 2689454850844597504,147.0,1,1,1,1,0,1,8.23
20619,BKUP,49.757889,-2.8431947,7.1,5699.520784855,5.875999927520750,253.676,-100.757,Gaia DR2 3261878613062758144,78.0,1,1,1,1,0,1,7.1
207874,BKUP,328.02723000000000,1.9064272,8.2,5169.6989623,6.690999984741210,-75.304,-188.268,Gaia DR2 2693778993853634304,162.0,1,1,1,1,0,1,8.2
208038,BKUP,328.27230000000000,20.930517,8.18,5047.22312876,6.531000137329100,-5.206,-100.496,Gaia DR2 1781003885454165888,154.0,1,1,1,1,0,1,8.18
208313,BKUP,328.687665,32.32857,7.78,5055.8916617350000,6.105999946594240,209.583,-234.37,Gaia DR2 1898230241798771584,110.0,1,1,1,1,0,1,7.78
208801,BKUP,329.7291,-4.373108900000000,6.22,4851.983154715000,4.5970001220703100,-1.843,-252.903,Gaia DR2 2669361142702790272,27.0,3,1,1,1,0,1,6.22
209458,BKUP,330.795,18.884444,7.65,6030.46356046,6.591000080108640,29.579,-17.89,Gaia DR2 1779546757669063552,159.0,1,1,1,1,0,1,7.65
209875,BKUP,331.638225,1.8571344,7.25,6076.58930824,6.275000095367430,340.497,190.997,Gaia DR2 2682402931156166016,118.0,1,1,1,1,0,1,7.25
21019A,BKUP,50.823753,-7.7940981,6.2,5355.17890646,4.908999919891360,1.762,-219.535,Gaia DR2 5168359139139252352,31.0,3,1,1,1,0,1,6.2
210277,BKUP,332.37444,-7.5486542,6.63,5506.33829223,5.275000095367430,85.462,-450.544,Gaia DR2 2619706544757416192,45.0,3,1,1,1,0,1,6.63
210312,BKUP,332.3151,13.670888,8.64,5731.25073424,7.383999824523930,30.556,-76.998,Gaia DR2 2729078230547575808,347.0,1,1,1,1,0,1,8.64
210392,BKUP,332.54992500000000,-4.9287753,8.74,5834.13509227,7.632999897003170,23.179,10.54,Gaia DR2 2627037499880376704,396.0,1,1,1,1,0,1,8.74
210460,BKUP,332.57925,19.616339,6.194,5479.92630182,5.440000057220460,91.683,-93.507,Gaia DR2 1778185149957051008,33.0,3,1,1,1,0,1,6.194
211038,BKUP,333.65925000000000,-15.818532,6.54,4892.85026901,4.997000217437740,-5.127,-356.635,Gaia DR2 2598935670597134464,35.0,3,1,1,1,0,1,6.54
211080,BKUP,333.69495,-5.8865503,7.81,5736.423713455,6.616000175476070,19.206,-110.74,Gaia DR2 2625977815485464576,153.0,1,1,1,1,0,1,7.81
211681,BKUP,331.70445,85.40937,8.1,5717.82187466,6.913000106811520,90.468,77.665,Gaia DR2 2301133835272161024,184.0,1,1,1,1,0,1,8.1
21197,BKUP,51.2488785,-5.363755600000000,7.86,4644.8863155,5.827000141143800,-230.871,-768.384,Gaia DR2 5170039502144332800,102.0,1,1,1,1,0,1,7.86
212291,BKUP,335.78823000000000,9.4610811,7.92,5594.104029745,6.64300012588501,305.653,35.533,Gaia DR2 2723309333554727936,153.0,1,1,1,1,0,1,7.92
212801,BKUP,336.87975,-31.554205,7.68,5294.01427764,6.2210001945495600,15.464,-32.108,Gaia DR2 6602025819613816064,113.0,1,1,1,1,0,1,7.68
213042,BKUP,337.31349,-30.018408,7.66,4758.79825861,5.769000053405760,220.831,-812.362,Gaia DR2 6614285855300051840,89.0,1,1,1,1,0,1,7.66
21313,BKUP,51.8724555,34.806623000000000,8.18,5926.46645039,7.0960001945495600,1.709,-76.323,Gaia DR2 221881583925032192,230.0,1,1,1,1,0,1,8.18
213472,BKUP,337.70823,40.722059,8.17,5716.38094307,6.934999942779540,-216.049,40.068,Gaia DR2 1909401760972212224,193.0,1,1,1,1,0,1,8.17
213519,BKUP,337.773855,45.145097,7.69,5763.7680493,6.46999979019165,-174.727,34.547,Gaia DR2 1982946891164168576,144.0,1,1,1,1,0,1,7.69
214683,BKUP,339.96153,4.1161153,8.48,4846.7028899,6.754000186920170,177.659,108.993,Gaia DR2 2704912403783213696,181.0,1,1,1,1,0,1,8.48
214749,BKUP,340.18077,-29.67448,7.83,4629.86369684,5.7729997634887700,380.175,-16.712,Gaia DR2 6608490501308343168,99.0,1,1,1,1,0,1,7.83
215152,BKUP,340.83876000000000,-6.4008211,8.11,4901.82985032,6.353000164031980,-154.145,-289.737,Gaia DR2 2623505219992303104,138.0,1,1,1,1,0,1,8.11
215578,BKUP,341.493375,19.25025,7.51,4995.8925428,5.791999816894530,38.615,9.268,Gaia DR2 2833458442785266560,84.0,1,1,1,1,0,1,7.51
216259,BKUP,342.85983,13.969983,8.3,4779.09630628,6.614999771118160,406.131,202.62,Gaia DR2 2720132500864789760,158.0,1,1,1,1,0,1,8.3
216520,BKUP,341.882805,83.697029,7.53,5090.69086436,5.951000213623050,-151.637,116.846,Gaia DR2 2299942278201276288,89.0,1,1,1,1,0,1,7.53
216899,BKUP,344.14503,16.553433,8.66,4376.78487444,5.360000133514400,-1034.803,-283.998,Gaia DR2 2828928008202069376,182.0,1,1,1,1,0,1,8.66
217014,BKUP,344.36658,20.768832,5.49,5781.07036445,4.659999847412110,207.363,62.094,Gaia DR2 2835207319109249920,21.0,3,1,1,1,0,1,5.49
217107,BKUP,344.56476000000000,-2.395385,6.18,5640.61342451,4.948999881744390,-7.108,-14.777,Gaia DR2 2648914040357320576,35.0,3,1,1,1,0,1,6.18
217165,BKUP,344.62450500000000,9.8255392,7.67,5954.37748192,6.572000026702880,109.662,-1.443,Gaia DR2 2714977131360438272,156.0,1,1,1,1,0,1,7.67
217357,BKUP,345.06717,-22.524347,7.89,4452.5076028,5.3460001945495600,-902.348,58.166,Gaia DR2 2396530698208685312,97.0,1,1,1,1,0,1,7.89
21774,BKUP,52.8142635,20.768072,8.16,5723.25766493,6.864999771118160,-112.411,-194.549,Gaia DR2 58324212771048832,192.0,1,1,1,1,0,1,8.16
217877,BKUP,345.98863500000000,-4.794861100000000,6.68,5934.61659359,5.64900016784668,319.843,37.92,Gaia DR2 2635543704085589504,58.0,3,1,1,1,0,1,6.68
218168,BKUP,346.009155,74.47742100000000,8.12,5957.77247217,6.997000217437740,107.821,34.976,Gaia DR2 2232698930187470336,212.0,1,1,1,1,0,1,8.12
218209,BKUP,346.27537500000000,68.417062,7.48,5508.62056005,6.218999862670900,592.421,162.893,Gaia DR2 2213415145505277824,106.0,1,1,1,1,0,1,7.48
218566,BKUP,347.2947,-2.2607419,8.6,4930.48217527,6.823999881744390,631.52,-97.214,Gaia DR2 2638410646295370880,197.0,1,1,1,1,0,1,8.6
218868,BKUP,347.708655,45.512274,7.0,5545.30581759,5.645999908447270,-86.783,-286.793,Gaia DR2 1935133906475484544,59.0,3,1,1,1,0,1,7.0
219134,BKUP,348.32073,57.168355000000000,5.56,4839.53210581,3.859999895095830,2074.517,294.936,Gaia DR2 2009481748875806976,13.0,3,1,1,1,0,1,5.56
219538,BKUP,349.075665,30.670207,8.09,5095.98934383,6.468999862670900,358.871,89.544,Gaia DR2 1909581805999126784,143.0,1,1,1,1,0,1,8.09
219834B,BKUP,349.77729,-13.454972,7.52,5179.80366124,6.039999961853030,306.702,-104.633,Gaia DR2 2411855072801159040,93.0,1,1,1,1,0,1,7.52
219953,BKUP,349.99281,28.867773,8.87,4893.29048382,7.236000061035160,742.795,-82.384,Gaia DR2 2869936905701172352,268.0,1,1,1,1,0,1,8.87
220221,BKUP,350.43522,45.176057,8.12,4851.14216918,6.320000171661380,196.238,-72.908,Gaia DR2 1937923436193950080,138.0,1,1,1,1,0,1,8.12
220339,BKUP,350.770395,-10.764244,7.8,4970.98847896,6.201000213623050,452.368,260.357,Gaia DR2 2436812303124645504,109.0,1,1,1,1,0,1,7.8
22049,BKUP,53.232684,-9.458262200000000,3.73,5124.85047148,2.2300000190734900,-975.17,19.49,Gaia DR2 5164707970261630080,12.0,3,1,1,1,0,1,3.73
22072,BKUP,53.5349115,17.832828,6.17,4911.52975275,4.89300012588501,94.242,-310.475,Gaia DR2 56413781254974080,26.0,3,1,1,1,0,1,6.17
221354,BKUP,352.84254,59.165517,6.74,5210.82590094,5.3460001945495600,1106.342,113.402,Gaia DR2 2011251030583236352,43.0,3,1,1,1,0,1,6.74
221356,BKUP,352.88127,-4.0874056,6.49,6019.85145906,5.48799991607666,178.069,-191.486,Gaia DR2 2633449134434620288,50.0,3,1,1,1,0,1,6.49
221851,BKUP,353.85670500000000,31.161306,7.9,5173.35528609,6.4079999923706100,-197.585,-280.738,Gaia DR2 2871343486014101888,126.0,1,1,1,1,0,1,7.9
222582,BKUP,355.464705,-5.9857572,7.7,5751.27858709,6.521999835968020,-145.401,-111.296,Gaia DR2 2440578577126302336,144.0,1,1,1,1,0,1,7.7
222697,BKUP,355.735635,0.23973222,8.65,5504.71767369,7.320000171661380,37.013,24.065,Gaia DR2 2642917402722969856,303.0,1,1,1,1,0,1,8.65
22282,BKUP,53.803762500000000,-0.73889889,8.51,5475.99115342,7.165999889373780,103.307,-119.658,Gaia DR2 3263319007654791552,251.0,1,1,1,1,0,1,8.51
223238,BKUP,356.96835,4.1754739,7.69,5786.21994668,6.565000057220460,352.731,-31.409,Gaia DR2 2743198605549406464,145.0,1,1,1,1,0,1,7.69
223315,BKUP,357.15387,-15.210632,8.8,5692.246629825,7.521999835968020,209.694,-98.233,Gaia DR2 2418888545604922240,383.0,1,1,1,1,0,1,8.8
223498,BKUP,357.52393500000000,2.8771711,8.41,5555.19597968,7.02400016784668,460.297,186.079,Gaia DR2 2742734263748196992,233.0,1,1,1,1,0,1,8.41
223691,BKUP,357.952845,-33.452492,7.86,5428.55399128,6.534999847412110,-17.303,63.87,Gaia DR2 2313818699058718208,137.0,1,1,1,1,0,1,7.86
224383,BKUP,359.38965,-9.6475192,7.88,5698.88793761,6.742000102996830,456.924,-146.403,Gaia DR2 2434956499296915200,157.0,1,1,1,1,0,1,7.88
224619,BKUP,359.868465,-20.034714,7.46,5451.674464900000,6.127999782562260,507.659,-283.622,Gaia DR2 2341817487782612480,100.0,1,1,1,1,0,1,7.46
225261,BKUP,1.23467124,23.269629,7.82,5229.21662207,6.3979997634887700,382.548,-7.273,Gaia DR2 2848150288954631296,122.0,1,1,1,1,0,1,7.82
22879,BKUP,55.0919355,-3.2169814,6.74,5746.24338209,5.5879998207092300,690.662,-213.409,Gaia DR2 3250489115708824064,53.0,3,1,1,1,0,1,6.74
23249,BKUP,55.81209150000000,-9.7633947,3.51,5102.465778935,1.9800000190734900,-93.16,743.64,Gaia DR2 5164120762332790528,12.0,3,1,1,1,0,1,3.51
232979,BKUP,69.4205475,52.893614,8.63,4439.160912045,5.866000175476070,303.96,-475.032,Gaia DR2 272855565762295680,180.0,1,1,1,1,0,1,8.63
23356,BKUP,55.98059550000000,-19.110899,7.2,4965.58342095,5.456999778747560,309.997,157.182,Gaia DR2 5107106033552702208,56.0,3,1,1,1,0,1,7.2
23439,BKUP,56.758815,41.427265000000000,8.18,4991.231282045,6.618000030517580,597.996,-1243.881,Gaia DR2 231113736385994624,151.0,1,1,1,1,0,1,8.18
24040,BKUP,57.595701,17.476366,7.52,5782.76540386,6.27899980545044,113.215,-251.033,Gaia DR2 43802039287826432,128.0,1,1,1,1,0,1,7.52
24213,BKUP,58.0474905,25.163079,6.78,5985.41384647,5.736000061035160,-122.99,-164.298,Gaia DR2 66892264508548864,68.0,1,1,1,1,0,1,6.78
24238,BKUP,58.76601,61.166808,7.85,4839.82445598,6.196000099182130,437.904,-245.599,Gaia DR2 474648763011926272,108.0,1,1,1,1,0,1,7.85
24341,BKUP,58.713297,52.419865,7.86,5369.68576989,6.541999816894530,107.877,-149.445,Gaia DR2 251931996926401152,133.0,1,1,1,1,0,1,7.86
24365,BKUP,58.40727,28.148113,7.87,5143.99819617,6.322000026702880,100.725,-10.939,Gaia DR2 166918475121503104,122.0,1,1,1,1,0,1,7.87
24496,BKUP,58.61680500000000,16.616054000000000,6.89,5540.79309956,5.383999824523930,214.191,-167.336,Gaia DR2 43499295632961152,53.0,3,1,1,1,0,1,6.89
245409,BKUP,84.1291275,11.327866,8.89,4437.53919163,6.125999927520750,-2.752,-56.648,Gaia DR2 3339921875389105152,215.0,1,1,1,1,0,1,8.89
24892,BKUP,59.119449,-25.18134,6.9,5286.44514067,5.539999961853030,106.619,-280.544,Gaia DR2 5082840945798327936,48.0,3,1,1,1,0,1,6.9
24916,BKUP,59.3695875,-1.1594519,8.0,4642.68081574,6.063000202178960,-185.616,-142.835,Gaia DR2 3256334497479041024,113.0,1,1,1,1,0,1,8.0
25329,BKUP,60.812496,35.273276,8.51,4643.46823769,6.769999980926510,1731.308,-1364.42,Gaia DR2 219057458247921536,176.0,1,1,1,1,0,1,8.51
25665,BKUP,62.396001000000000,69.541393,8.0,4970.282314125,5.988999843597410,73.104,-298.53,Gaia DR2 493935296471302784,126.0,1,1,1,1,0,1,8.0
25682,BKUP,61.1278155,0.24557361,8.35,5465.88316131,6.953999996185300,-202.431,-354.663,Gaia DR2 3256919987421359616,198.0,1,1,1,1,0,1,8.35
25825,BKUP,61.5671985,15.69812,7.82,6011.78044454,6.752999782562260,118.912,-19.776,Gaia DR2 45367056650753280,174.0,1,1,1,1,0,1,7.82
26151,BKUP,61.836348,-27.425658,8.5,5423.30051027,7.084000110626220,-63.617,-243.227,Gaia DR2 4889216948147099520,235.0,1,1,1,1,0,1,8.5
26161,BKUP,62.4118995,31.652127,6.898,6064.26855957,5.830999851226810,64.175,70.099,Gaia DR2 169149766470219520,80.0,1,1,1,1,0,1,6.898
26736,BKUP,63.634647,23.574945,8.05,5869.174352135,6.876999855041500,119.95,-48.151,Gaia DR2 149005270337201792,188.0,1,1,1,1,0,1,8.05
26794,BKUP,63.626238,3.0220583,8.81,4859.04197111,7.067999839782720,109.706,269.542,Gaia DR2 3259401379007760640,246.0,1,1,1,1,0,1,8.81
26965,BKUP,63.81800100000000,-7.6528711,4.41,5032.289363505,2.930000066757200,-2240.12,-3420.27,Gaia DR2 3195919528988725120,12.0,3,1,1,1,0,1,4.41
28005,BKUP,66.852939,46.853154,6.72,5795.38794993,5.50600004196167,81.584,-302.244,Gaia DR2 257134507991047936,54.0,3,1,1,1,0,1,6.72
28185,BKUP,66.609585,-10.550806,7.8,5652.46571001,6.578000068664550,84.071,-59.75,Gaia DR2 3179384931394690304,146.0,1,1,1,1,0,1,7.8
283,BKUP,1.88558745,-23.818719,8.7,5079.2182669,7.211999893188480,320.793,91.219,Gaia DR2 2336728947968831104,241.0,1,1,1,1,0,1,8.7
28343,BKUP,67.25052150000000,21.922702,8.35,4451.3698595900000,5.673999786376950,-67.096,174.577,Gaia DR2 145421309108301184,150.0,1,1,1,1,0,1,8.35
28946,BKUP,68.45998950000000,5.3850186,7.93,5334.8253643,6.52400016784668,-87.716,-274.772,Gaia DR2 3282511876472022656,137.0,1,1,1,1,0,1,7.93
29461,BKUP,69.73881,14.105579,7.94,5869.44856919,6.814000129699710,85.239,-18.597,Gaia DR2 3309170875916905856,175.0,1,1,1,1,0,1,7.94
29528,BKUP,69.902103,13.123099,8.95,5482.47820219,7.605999946594240,236.15,-142.129,Gaia DR2 3308216770405335296,381.0,1,1,1,1,0,1,8.95
29883,BKUP,70.8976485,27.6874,8.01,4948.18236748,6.314000129699710,53.8,-265.12,Gaia DR2 154660191781205120,126.0,1,1,1,1,0,1,8.01
30649,BKUP,72.93148800000000,45.834157,6.97,5720.932812925,5.797999858856200,374.451,-555.066,Gaia DR2 254503750324186880,66.0,1,1,1,1,0,1,6.97
30708,BKUP,72.87267900000000,35.815139,6.77,5671.1189469,5.551000118255620,20.671,-117.854,Gaia DR2 174156255225869440,51.0,3,1,1,1,0,1,6.77
31253,BKUP,73.6818945,12.352201,7.14,6019.09645347,6.059999942779540,90.177,-42.749,Gaia DR2 3295354481521174656,102.0,1,1,1,1,0,1,7.14
31412,BKUP,73.98283950000000,4.6704269,7.02,6047.549485005,5.9720001220703100,138.846,-188.194,Gaia DR2 3239548665775613056,89.0,1,1,1,1,0,1,7.02
31966,BKUP,75.1408125,14.38381,6.757,5687.81410582,5.505000114440920,39.831,52.547,Gaia DR2 3392510077730740480,51.0,3,1,1,1,0,1,6.757
32147,BKUP,75.20416650000000,-5.753675300000000,6.22,4803.73719326,4.449999809265140,549.481,-1108.46,Gaia DR2 3211461469444773376,26.0,3,1,1,1,0,1,6.22
32923,BKUP,76.862526,18.645052,5.01,5656.996466530000,3.619999885559080,534.224,18.432,Gaia DR2 3407611182744289152,12.0,3,1,1,1,0,1,5.01
32963,BKUP,76.98235200000000,26.327962,7.59,5714.165162065,6.420000076293950,-69.836,-66.019,Gaia DR2 3421680597955802624,130.0,1,1,1,1,0,1,7.59
33021,BKUP,76.909638,9.47178,6.17,5693.20415809,4.988999843597410,-5.209,-381.997,Gaia DR2 3290765291786058496,35.0,3,1,1,1,0,1,6.17
33636,BKUP,77.943537,4.4035394,7.06,5949.12102135,5.931000232696530,181.675,-139.325,Gaia DR2 3238810137558836352,88.0,1,1,1,1,0,1,7.06
34411,BKUP,79.78531050000000,40.099052,4.7,5820.0367529,3.609999895095830,520.581,-664.826,Gaia DR2 188771135583573504,12.0,3,1,1,1,0,1,4.7
34575,BKUP,80.58234900000000,59.277912,7.07,5626.93816884,5.765999794006350,227.748,-283.892,Gaia DR2 281179246740400384,71.0,1,1,1,1,0,1,7.07
34721,BKUP,79.7103015,-18.130051,5.96,5962.081211005000,5.184000015258790,386.005,61.01,Gaia DR2 2981583790287411200,34.0,3,1,1,1,0,1,5.96
34745,BKUP,79.954329,2.5136108000000000,7.0,6052.18721007,6.027999877929690,30.289,-99.439,Gaia DR2 3234481566438473600,87.0,1,1,1,1,0,1,7.0
35627,BKUP,81.47171550000000,-6.3626792000000000,7.5,6029.69955576,6.48799991607666,-133.536,-23.053,Gaia DR2 3208926854625048064,143.0,1,1,1,1,0,1,7.5
35974,BKUP,81.7777305,-31.566172,7.184,5827.96497388,6.083000183105470,-58.293,37.604,Gaia DR2 2905038676979959552,95.0,1,1,1,1,0,1,7.184
36003,BKUP,82.108734,-3.4995553,7.64,4543.48180836,5.614999771118160,-307.931,-797.545,Gaia DR2 3210731015767419520,80.0,1,1,1,1,0,1,7.64
36308,BKUP,82.848108,12.556091,8.4,5443.19019536,7.014999866485600,172.011,-135.368,Gaia DR2 3341047161115131904,205.0,1,1,1,1,0,1,8.4
36395,BKUP,82.864152,-3.6772289,7.92,4474.747151285000,4.829999923706060,761.561,-2092.422,Gaia DR2 3209938366665770752,100.0,1,1,1,1,0,1,7.92
3651,BKUP,9.84085875,21.250472,5.8,5236.63305209,4.46999979019165,-462.056,-369.814,Gaia DR2 2802397960855105920,20.0,3,1,1,1,0,1,5.8
37008,BKUP,84.54942300000000,51.44574,7.73,4939.176784255,6.13100004196167,-549.85,107.486,Gaia DR2 215395053733297024,102.0,1,1,1,1,0,1,7.73
37124,BKUP,84.2603595,20.730788,7.68,5474.16104682,6.359000205993650,-79.607,-420.161,Gaia DR2 3402798414192387328,123.0,1,1,1,1,0,1,7.68
37213,BKUP,83.92118100000000,-27.620828000000000,8.22,5367.66739274,6.883999824523930,23.694,-217.418,Gaia DR2 2908352467587345152,176.0,1,1,1,1,0,1,8.22
37394,BKUP,85.33473150000000,53.481058,6.23,5355.362777800000,4.739999771118160,2.784,-523.602,Gaia DR2 263916708025623680,32.0,3,1,1,1,0,1,6.23
3765,BKUP,10.20529005,40.187173,7.36,5035.52813223,5.693999767303470,356.305,-668.983,Gaia DR2 369092520004831232,72.0,1,1,1,1,0,1,7.36
3795,BKUP,10.1367042,-23.804876,6.14,5259.5528974,5.130000114440920,666.66,-347.45,Gaia DR2 2347427397969642496,28.0,3,1,1,1,0,1,6.14
37962,BKUP,85.2165285,-31.351108,7.85,5689.23002519,6.675000190734860,-59.648,-365.227,Gaia DR2 2902205991429301888,153.0,1,1,1,1,0,1,7.85
38230,BKUP,86.5078575,37.284649,7.36,5142.76131362,5.8379998207092300,486.482,-510.073,Gaia DR2 3456337827237371264,76.0,1,1,1,1,0,1,7.36
38392,BKUP,86.11059600000000,-22.421881,6.15,4947.27626364,4.84499979019165,-305.065,-352.628,Gaia DR2 2964001014514075520,25.0,3,1,1,1,0,1,6.15
38529,BKUP,86.645466,1.1681933,5.938,5602.26452612,4.909999847412110,-77.67,-141.987,Gaia DR2 3219847066672970368,28.0,3,1,1,1,0,1,5.938
38858,BKUP,87.14558700000000,-4.0946478,5.97,5707.97377214,4.829999923706060,61.537,-229.454,Gaia DR2 3023711269067191296,30.0,3,1,1,1,0,1,5.97
39715,BKUP,88.61907,2.1422317000000000,8.84,4762.22381352,6.992000102996830,78.779,-645.433,Gaia DR2 3315907411861516160,241.0,1,1,1,1,0,1,8.84
39881,BKUP,89.01430350000000,13.924912,6.6,5664.31686083,5.367000102996830,373.005,-482.99,Gaia DR2 3346787986201584896,47.0,3,1,1,1,0,1,6.6
40397,BKUP,89.589732,-4.6506678,6.8,5479.74011162,5.662000179290770,74.722,-200.569,Gaia DR2 3022685626580347392,48.0,3,1,1,1,0,1,6.8
40647,BKUP,91.523835,69.47613,8.29,5370.509171200000,6.809999942779540,-165.113,-82.471,Gaia DR2 1107146846976017152,184.0,1,1,1,1,0,1,8.29
40979,BKUP,91.124763,44.260444,6.746,6200.90015363,5.742000102996830,95.21,-152.903,Gaia DR2 961428192989499904,76.0,1,1,1,1,0,1,6.746
41593,BKUP,91.6686555,15.542106,6.76,5374.274425500000,5.316999912261960,-120.637,-103.519,Gaia DR2 3345968334645285376,46.0,3,1,1,1,0,1,6.76
4203,BKUP,11.1716754,20.448927,8.68,5631.30033534,7.388999938964840,122.07,-124.192,Gaia DR2 2801366000472903040,339.0,1,1,1,1,0,1,8.68
4208,BKUP,11.11104285,-26.51568,7.79,5596.227621555,6.570000171661380,313.484,149.5,Gaia DR2 2343647384368388608,142.0,1,1,1,1,0,1,7.79
42250,BKUP,94.011165,70.781576,7.43,5371.10629511,6.043000221252440,-12.631,-443.502,Gaia DR2 1107458592882148096,93.0,1,1,1,1,0,1,7.43
4256,BKUP,11.27039295,1.7855211,8.03,4948.107063305,6.306000232696530,-49.861,-572.897,Gaia DR2 2549518150551364864,129.0,1,1,1,1,0,1,8.03
42581,BKUP,92.6442315,-21.864643,8.14,4381.11035254,5.104000091552730,-135.985,-719.088,Gaia DR2 2940856402123426176,123.0,1,1,1,1,0,1,8.14
42581,BKUP,92.6442315,-21.864643,8.14,4381.11035254,5.104000091552730,-135.985,-719.088,Gaia DR2 2940856402123426176,123.0,1,1,1,1,0,1,8.14
42618,BKUP,93.002361,6.7830744,6.87,5707.22445147,5.701000213623050,197.304,-254.848,Gaia DR2 3319126988068404096,59.0,3,1,1,1,0,1,6.87
4307,BKUP,11.3695329,-12.88081,6.15,5747.95819386,4.994999885559080,-33.66,-205.481,Gaia DR2 2376087581593256448,36.0,3,1,1,1,0,1,6.15
43745,BKUP,94.2649965,-22.715229,6.04,6012.77511016,5.052999973297120,125.411,-259.404,Gaia DR2 2937506911753275008,37.0,3,1,1,1,0,1,6.04
43947,BKUP,94.9173855,16.013249,6.632,5925.66176585,5.537000179290770,-15.115,-14.729,Gaia DR2 3369088315397965056,54.0,3,1,1,1,0,1,6.632
44420,BKUP,95.4313995,-0.5391275,7.63,5785.216467265,6.453999996185300,-2.771,-156.604,Gaia DR2 3118688251708604928,139.0,1,1,1,1,0,1,7.63
44985,BKUP,96.334353,11.233248,7.02,5944.09327921,5.9679999351501500,-123.133,-56.813,Gaia DR2 3330686669209149824,83.0,1,1,1,1,0,1,7.02
45067,BKUP,96.318942,-0.9458825,5.9,5963.98040629,5.130000114440920,238.925,-218.375,Gaia DR2 3118434397663311360,33.0,3,1,1,1,0,1,5.9
45184,BKUP,96.182832,-28.780112,6.37,5824.43736126,5.218999862670900,-165.257,-121.826,Gaia DR2 2898239468873596800,44.0,3,1,1,1,0,1,6.37
45350,BKUP,97.19046,38.962963,7.88,5618.4324322600000,6.586999893188480,-42.774,-53.514,Gaia DR2 955758320761687680,151.0,1,1,1,1,0,1,7.88
45588,BKUP,96.797358,-25.856496,6.07,6093.13204414,5.085000038146970,-173.28,-216.704,Gaia DR2 2899947933845777920,39.0,3,1,1,1,0,1,6.07
4614,BKUP,12.2762133,57.815187,3.45,5878.34210224,2.369999885559080,1086.59,-559.43,Gaia DR2 425040000951479424,12.0,3,1,1,1,0,1,3.45
4628,BKUP,12.0957384,5.280615,5.75,4956.16694001,4.369999885559080,755.561,-1141.745,Gaia DR2 2552925644460225152,17.0,3,1,1,1,0,1,5.75
46375,BKUP,98.302599,5.462925600000000,7.84,5302.15795859,6.452000141143800,111.477,-96.918,Gaia DR2 3131777319158581376,128.0,1,1,1,1,0,1,7.84
47157,BKUP,99.3824865,9.1442778,7.63,5711.52633268,6.4079999923706100,-59.756,-80.366,Gaia DR2 3326573774163806336,134.0,1,1,1,1,0,1,7.63
4747,BKUP,12.36152205,-23.212483,7.17,5350.17700232,5.813000202178960,518.372,123.849,Gaia DR2 2348830516542120192,67.0,1,1,1,1,0,1,7.17
48682,BKUP,101.684745,43.577427,5.252,6076.18429091,4.406000137329100,-3.127,163.583,Gaia DR2 952326504452337792,20.0,3,1,1,1,0,1,5.252
48938,BKUP,101.216466,-27.341666,6.43,5886.82319646,5.3979997634887700,-5.854,293.585,Gaia DR2 2918894859953947392,46.0,3,1,1,1,0,1,6.43
4915,BKUP,12.7952004,-5.039278300000000,6.76,5639.601623205,5.793000221252440,261.728,-118.949,Gaia DR2 2525514785221197696,50.0,3,1,1,1,0,1,6.76
50281,BKUP,103.075209,-5.1737131,6.57,4755.39379112,5.010000228881840,-543.616,-3.491,Gaia DR2 3101923001490347392,35.0,3,1,1,1,0,1,6.57
50554,BKUP,103.6784385,24.245559,6.86,5972.961691890000,5.776000022888180,-35.915,-96.881,Gaia DR2 3380479015342121600,73.0,1,1,1,1,0,1,6.86
50639,BKUP,103.4368095,-9.5154692,7.06,6066.676915215,6.044000148773190,-69.036,-31.341,Gaia DR2 3050309864100076544,95.0,1,1,1,1,0,1,7.06
50692,BKUP,103.8277815,25.375698,5.76,5808.323139145000,4.913000106811520,-37.882,24.211,Gaia DR2 3381727613874753536,27.0,3,1,1,1,0,1,5.76
50806,BKUP,103.39142850000000,-28.539794,6.04,5592.26073467,4.797999858856200,282.144,-442.0,Gaia DR2 5609058277323483392,30.0,3,1,1,1,0,1,6.04
51219,BKUP,104.142438,1.1620839,7.42,5601.36163486,6.145999908447270,-8.911,-577.709,Gaia DR2 3113909602378333056,106.0,1,1,1,1,0,1,7.42
51419,BKUP,104.5489575,22.475887,6.94,5655.60991643,5.7179999351501500,48.302,97.555,Gaia DR2 3379989457790428416,61.0,1,1,1,1,0,1,6.94
51866,BKUP,105.4107855,48.378672,8.0,4895.85242675,6.232999801635740,546.832,-432.401,Gaia DR2 978615479962980480,123.0,1,1,1,1,0,1,8.0
52265,BKUP,105.0751515,-5.367161900000000,6.301,6071.92610199,5.239999771118160,-116.524,80.467,Gaia DR2 3101382419728401408,46.0,3,1,1,1,0,1,6.301
52456,BKUP,105.3981765,6.926841400000000,8.16,5188.19889202,6.646999835968020,-30.559,27.777,Gaia DR2 3153772873178431744,158.0,1,1,1,1,0,1,8.16
52711,BKUP,105.87691200000000,29.337081,5.93,5811.99928693,4.880000114440920,156.912,-828.039,Gaia DR2 887822001246832384,31.0,3,1,1,1,0,1,5.93
52919,BKUP,105.6788235,-6.7992256,8.34,4668.31475451,6.446000099182130,-201.306,-313.602,Gaia DR2 3052753116376444800,158.0,1,1,1,1,0,1,8.34
531B,BKUP,2.46520125,8.4531694,8.4,5692.42044128,7.989999771118160,58.633,-9.612,Gaia DR2 2752042939643757952,259.0,1,1,1,1,0,1,8.4
5372,BKUP,14.07236505,52.491237,7.52,5898.83835065,6.382999897003170,201.98,2.181,Gaia DR2 416736832741633792,136.0,1,1,1,1,0,1,7.52
5470,BKUP,14.16757215,17.959841,8.35,5941.79351924,7.216000080108640,95.453,-39.203,Gaia DR2 2787850494306538880,299.0,1,1,1,1,0,1,8.35
55575,BKUP,108.958911,47.239964,5.554,5798.12072726,4.480000019073490,30.07,-186.405,Gaia DR2 974887555341533440,23.0,3,1,1,1,0,1,5.554
56274,BKUP,108.9616485,-13.049481,7.79,5695.47702874,6.5929999351501500,-510.88,177.024,Gaia DR2 3033005406506033664,148.0,1,1,1,1,0,1,7.79
56303,BKUP,109.151784,1.8787681,7.35,5922.96126854,6.203000068664550,58.224,-116.52,Gaia DR2 3111942885310862848,119.0,1,1,1,1,0,1,7.35
58781,BKUP,111.9615885,19.044795,7.252,5604.05415141,5.948999881744390,117.72,-70.64,Gaia DR2 3362649918901844608,88.0,1,1,1,1,0,1,7.252
60491,BKUP,113.6090235,-6.896677800000000,8.16,5105.827208635,6.553999900817870,-80.339,-43.185,Gaia DR2 3054448838181163520,153.0,1,1,1,1,0,1,8.16
6101,BKUP,15.6024015,5.061491,8.31,4774.55601355,6.198999881744390,341.34,221.65,Gaia DR2 2552288133874677760,159.0,1,1,1,1,0,1,8.31
61606,BKUP,114.9972015,-3.5975072,7.2,4979.85589778,5.493000030517580,70.142,-278.22,Gaia DR2 3057712223051571200,56.0,3,1,1,1,0,1,7.2
62613,BKUP,119.07179250000000,80.26554200000000,6.56,5499.39539005,5.235000133514400,-476.017,89.179,Gaia DR2 1139252071109797760,43.0,3,1,1,1,0,1,6.56
63754,BKUP,117.438597,-20.207629,6.548,6012.19466634,5.486000061035160,-33.676,-125.885,Gaia DR2 5712673641791603968,53.0,3,1,1,1,0,1,6.548
65277,BKUP,119.4907755,-0.8144175,8.12,4692.64884708,6.193999767303470,-157.17,7.39,Gaia DR2 3083867749248355456,131.0,1,1,1,1,0,1,8.12
65430,BKUP,119.8913925,20.843887,7.7,5144.494858795,6.11899995803833,181.25,-544.95,Gaia DR2 670853314448533888,107.0,1,1,1,1,0,1,7.7
6558,BKUP,16.6071645,-0.74945056,8.21,6042.6910006,7.193999767303470,70.796,-35.255,Gaia DR2 2533207140366790272,268.0,1,1,1,1,0,1,8.21
65583,BKUP,120.1338705,29.212356,6.94,5161.2143808,5.539000034332280,-169.907,-1165.025,Gaia DR2 876370076542359936,47.0,3,1,1,1,0,1,6.94
66171,BKUP,122.04392850000000,71.92443100000000,8.2,5720.17544871,6.980000019073490,-237.633,-448.209,Gaia DR2 1122811657854754560,197.0,1,1,1,1,0,1,8.2
66428,BKUP,120.869439,-1.1627089,8.25,5685.05971441,7.044000148773190,-65.726,-206.937,Gaia DR2 3083043390405346432,202.0,1,1,1,1,0,1,8.25
6734,BKUP,16.9986,1.9930419,6.46,4920.83387497,4.900000095367430,145.37,-437.902,Gaia DR2 2538316124224549376,34.0,3,1,1,1,0,1,6.46
67458,BKUP,121.75217700000000,-29.402937,6.81,5818.14790545,5.696000099182130,339.709,-355.219,Gaia DR2 5596797039059063680,61.0,1,1,1,1,0,1,6.81
67767,BKUP,122.6132565,25.507334,5.73,5260.90518595,4.046999931335450,-72.771,-348.095,Gaia DR2 681096777089578112,19.0,3,1,1,1,0,1,5.73
68017,BKUP,122.911017,32.45713,6.81,5482.714980785,5.477000236511230,-462.57,-644.2,Gaia DR2 902007870203594880,49.0,3,1,1,1,0,1,6.81
68168,BKUP,122.9549535,16.523862,7.23,5711.32339283,6.119999885559080,-41.194,-258.7,Gaia DR2 656546537868692480,92.0,1,1,1,1,0,1,7.23
6872B,BKUP,17.5299165,51.742702,8.53,6301.43759086,7.514999866485600,-67.105,-20.635,Gaia DR2 404047781359072640,424.0,1,1,1,1,0,1,8.53
68978,BKUP,123.393741,-31.735381,6.75,5943.70135271,5.625,-333.366,151.435,Gaia DR2 5548164986925169024,63.0,1,1,1,1,0,1,6.75
68988,BKUP,124.592388,61.460722,8.21,5902.80605901,7.059999942779540,128.329,30.27,Gaia DR2 1090159839002347136,236.0,1,1,1,1,0,1,8.21
69809,BKUP,124.8057855,14.200682,7.86,5788.6937359250000,6.697999954223630,35.895,24.442,Gaia DR2 652212812787763200,162.0,1,1,1,1,0,1,7.86
69830,BKUP,124.59978,-12.632173,5.95,5415.918702195,4.953000068664550,278.787,-988.286,Gaia DR2 5726982995343100928,25.0,3,1,1,1,0,1,5.95
71334,BKUP,126.45631500000000,-29.93059,7.82,5652.96738808,6.610000133514400,139.132,-292.694,Gaia DR2 5644325284591298688,148.0,1,1,1,1,0,1,7.82
71479,BKUP,126.8963595,-5.148634700000000,7.19,5920.9193767,6.0970001220703100,-125.023,-80.912,Gaia DR2 3065191272937568896,101.0,1,1,1,1,0,1,7.19
71881,BKUP,127.97931000000000,50.616693,7.43,5827.92205942,6.283999919891360,-81.551,-339.7,Gaia DR2 1027330446055197952,122.0,1,1,1,1,0,1,7.43
72659,BKUP,128.513289,-1.5682175000000000,7.48,5851.714352165,6.357999801635740,-112.548,-96.579,Gaia DR2 3073443760538892032,129.0,1,1,1,1,0,1,7.48
72673,BKUP,128.2145655,-31.500853000000000,6.38,5196.003184485,5.329999923706060,-1113.844,762.258,Gaia DR2 5640565607657897728,34.0,3,1,1,1,0,1,6.38
73344,BKUP,129.689799,23.686277,6.89,6134.16601251,5.835999965667730,-47.495,-148.502,Gaia EDR3 666427539629086976,84.0,1,1,1,1,0,1,6.89
73344,BKUP,129.689799,23.686277,6.89,6134.16601251,5.835999965667730,-47.303,-148.778,Gaia DR2 666427539629086976,84.0,1,1,1,1,0,1,6.89
73667,BKUP,129.961632,11.522673,7.64,4842.168600125,5.988999843597410,-109.25,-500.555,Gaia DR2 602079652404802688,91.0,1,1,1,1,0,1,7.64
74156,BKUP,130.604676,4.5780975,7.62,5954.26766883,6.559999942779540,24.474,-200.293,Gaia DR2 582221750852254080,150.0,1,1,1,1,0,1,7.62
75732,BKUP,133.14921300000000,28.330819,5.95,5363.349843675,4.59000015258789,-485.872,-233.651,Gaia DR2 704967037090946688,24.0,3,1,1,1,0,1,5.95
75732,BKUP,133.14921300000000,28.330819,5.95,5363.349843675,4.590000152587890,-485.681,-233.517,Gaia EDR3 704967037090946688,24.0,3,1,1,1,0,1,5.95
76909,BKUP,134.84325150000000,7.4149828,7.84,5677.95253297,6.572000026702880,95.816,-136.521,Gaia DR2 584923525799308160,152.0,1,1,1,1,0,1,7.84
79210,BKUP,138.5949735,52.686625,7.64,4437.040236210000,4.889999866485600,-1546.096,-569.127,Gaia DR2 1022456139210632064,77.0,1,1,1,1,0,1,7.64
79211,BKUP,138.60291,52.686376,7.74,4439.49740314,4.77899980545044,-1573.121,-660.121,Gaia DR2 1022456104850892928,85.0,1,1,1,1,0,1,7.74
7924,BKUP,20.4963135,76.710284,7.185,5143.87901917,5.618000030517580,-34.643,-32.66,Gaia DR2 560130775546153344,60.0,1,1,1,1,0,1,7.185
80367,BKUP,139.867968,0.89706167,8.16,5086.61069208,6.613999843597410,-137.567,-125.793,Gaia DR2 3844124407140189440,153.0,1,1,1,1,0,1,8.16
8038,BKUP,19.8710985,-24.951209,8.41,5687.47580403,7.181000232696530,-22.29,-121.955,Gaia DR2 5040068191130125056,262.0,1,1,1,1,0,1,8.41
8328,BKUP,20.8689285,46.890638,8.29,5767.92061469,7.054999828338620,104.231,-44.926,Gaia DR2 398265174829845504,236.0,1,1,1,1,0,1,8.29
8375,BKUP,20.90625,34.245888,6.29,5197.760976335000,4.820000171661380,244.414,124.143,Gaia DR2 319946961581873280,32.0,3,1,1,1,0,1,6.29
8389,BKUP,20.7609975,-12.966069,7.84,5288.65932918,6.394999980926510,461.996,-25.652,Gaia DR2 2456361448068367360,127.0,1,1,1,1,0,1,7.84
84035,BKUP,145.85691300000000,42.691559000000000,8.12,4689.48280101,6.0929999351501500,35.659,-825.889,Gaia DR2 819750862709217408,131.0,1,1,1,1,0,1,8.12
84117,BKUP,145.5600705,-23.915569,4.93,6157.26166383,4.079999923706060,-399.745,263.05,Gaia DR2 5663558453071724288,14.0,3,1,1,1,0,1,4.93
84737,BKUP,147.147381,46.021008,5.1,5879.15664832,4.050000190734860,221.788,-92.816,Gaia DR2 821455861647126656,14.0,3,1,1,1,0,1,5.1
8574,BKUP,21.302154,28.566693,7.12,6000.271620975,6.047999858856200,251.399,-157.461,Gaia DR2 297045096447719040,98.0,1,1,1,1,0,1,7.12
8648,BKUP,21.3337755,1.4608542,7.4,5788.020911,6.197000026702880,68.346,-61.119,Gaia DR2 2559181861327324928,116.0,1,1,1,1,0,1,7.4
86728,BKUP,150.252735,31.923672,5.4,5760.44650274,4.269999980926510,-528.807,-429.627,Gaia DR2 746545172372256384,19.0,3,1,1,1,0,1,5.4
87359,BKUP,151.11160500000000,-7.2183847,7.48,5665.527927675000,6.242000102996830,132.648,-207.134,Gaia DR2 3773112865272176512,116.0,1,1,1,1,0,1,7.48
87424,BKUP,151.15692,-11.729703,8.15,5058.033821045,6.550000190734860,-191.541,-24.481,Gaia DR2 3766401961693098368,150.0,1,1,1,1,0,1,8.15
8765,BKUP,21.580032000000000,-4.674109400000000,8.15,5645.677171060000,6.928999900817870,-93.78,-105.724,Gaia DR2 2482274463233174016,185.0,1,1,1,1,0,1,8.15
87836,BKUP,152.124405,33.514603,7.5,5752.08475335,6.255000114440920,157.124,-164.959,Gaia DR2 747090839376823552,124.0,1,1,1,1,0,1,7.5
87883,BKUP,152.179755,34.242260000000000,7.57,4979.99300821,5.839000225067140,-64.565,-61.581,Gaia DR2 747266452000257280,89.0,1,1,1,1,0,1,7.57
88072,BKUP,152.34762,2.3710819,7.52,5739.35695439,6.375999927520750,-202.943,-6.783,Gaia DR2 3835743693290649728,125.0,1,1,1,1,0,1,7.52
88230,BKUP,152.84226,49.454237,6.61,4455.75637545,3.9700000286102300,-1363.335,-505.666,Gaia DR2 823773494718931968,33.0,3,1,1,1,0,1,6.61
88371,BKUP,152.95029,23.755194,8.43,5603.3502041,7.1579999923706100,-379.638,74.605,Gaia DR2 726277595364398336,251.0,1,1,1,1,0,1,8.43
88725,BKUP,153.53472,3.1513,7.74,5584.88699237,6.543000221252440,230.17,-401.439,Gaia DR2 3835867938104798848,136.0,1,1,1,1,0,1,7.74
88986,BKUP,154.117005,28.682479,6.47,5807.58093914,5.24700021743774,-65.692,-95.513,Gaia DR2 741184091114529792,46.0,3,1,1,1,0,1,6.47
88986,BKUP,154.117005,28.682479,6.47,5807.58093914,5.247000217437740,-65.692,-95.513,Gaia DR2 741184091114529792,46.0,3,1,1,1,0,1,6.47
89269,BKUP,154.71645,44.048323,6.65,5593.387988665,5.394000053405760,61.656,-300.38,Gaia DR2 806000816970521728,47.0,3,1,1,1,0,1,6.65
89391,BKUP,154.60461,-26.500345000000000,7.95,4832.59899954,6.216000080108640,37.303,-42.767,Gaia DR2 5471983605794172800,116.0,1,1,1,1,0,1,7.95
90125,BKUP,156.0549,2.3680181,6.323,4820.22874444,4.933000087738040,44.729,-22.371,Gaia DR2 3856535423812160640,29.0,3,1,1,1,0,1,6.323
90156,BKUP,155.980305,-29.645529,6.947,5575.81111786,5.684999942779540,-39.09,99.076,Gaia DR2 5461620846141553024,58.0,3,1,1,1,0,1,6.947
9070,BKUP,22.464021,31.007335,7.95,5761.05743467,6.682000160217290,227.777,1.004,Gaia DR2 315377872293129344,168.0,1,1,1,1,0,1,7.95
90711,BKUP,157.050615,-6.6005781,7.9,5487.61532907,6.53000020980835,-374.86,-281.51,Gaia DR2 3775795982881589376,144.0,1,1,1,1,0,1,7.9
90722,BKUP,157.058025,-16.289159000000000,7.89,5711.07860622,6.622000217437740,-55.241,86.165,Gaia DR2 3748775965666132992,159.0,1,1,1,1,0,1,7.89
90875,BKUP,157.69579500000000,59.751099,8.6,4681.94754083,6.672999858856200,-437.97,-288.907,Gaia DR2 1047559604579391872,187.0,1,1,1,1,0,1,8.6
91204,BKUP,158.02293,17.989745000000000,7.82,5882.18027263,6.666999816894530,17.68,-18.806,Gaia DR2 3890713708401628800,165.0,1,1,1,1,0,1,7.82
92719,BKUP,160.5555,-13.787713,6.79,5755.65312177,5.644999980926510,234.481,-172.34,Gaia DR2 3750995604764854400,56.0,3,1,1,1,0,1,6.79
92788,BKUP,160.7022,-2.1837558,7.31,5732.29309767,6.13100004196167,-15.128,-223.23,Gaia DR2 3802549437248150656,102.0,1,1,1,1,0,1,7.31
9331,BKUP,23.259036,53.033756,8.4,5632.49561578,7.130000114440920,219.822,13.422,Gaia DR2 407441733236422912,246.0,1,1,1,1,0,1,8.4
93745,BKUP,162.252165,-31.059145,7.5,5937.10457906,6.395999908447270,178.99,-93.489,Gaia DR2 5451451119499169152,137.0,1,1,1,1,0,1,7.5
9407,BKUP,23.638597500000000,68.948137,6.53,5617.29433488,5.296000003814700,-378.267,114.72,Gaia DR2 532057254394731776,44.0,3,1,1,1,0,1,6.53
95128,BKUP,164.86656,40.430257,5.1,5853.02275821,3.9600000381469700,-317.642,55.014,Gaia DR2 777254360337133312,14.0,3,1,1,1,0,1,5.1
9540A,BKUP,23.3158695,-24.177962,6.96,5455.47572014,5.693999767303470,272.317,-158.603,Gaia DR2 5038817840251308288,53.0,3,1,1,1,0,1,6.96
9562,BKUP,23.428488,-7.0253408,5.764,5865.68358569,4.626999855041500,175.19,-82.3,Gaia DR2 2477891500647336704,28.0,3,1,1,1,0,1,5.764
96700,BKUP,166.976775,-30.174567,6.54,5763.022124845,5.395999908447270,-505.444,-132.436,Gaia DR2 5452492082132835840,47.0,3,1,1,1,0,1,6.54
97101,BKUP,167.77155,30.446017,8.31,4458.1603419,5.763999938964840,591.622,-197.247,Gaia DR2 732857558276385664,146.0,1,1,1,1,0,1,8.31
97343,BKUP,168.004965,-26.136667000000000,7.04,5403.54458883,5.702000141143800,272.017,-65.461,Gaia DR2 3532823773073745536,56.0,3,1,1,1,0,1,7.04
97658,BKUP,168.638175,25.710385,7.78,5122.675085575,6.203000068664550,-107.534,48.662,Gaia DR2 3997075206232885888,113.0,1,1,1,1,0,1,7.78
97658,BKUP,168.638175,25.710385,7.78,5122.675085575,6.203000068664550,-107.534,48.662,Gaia DR2 3997075206232885888,113.0,1,1,1,1,0,1,7.78
98281,BKUP,169.59171000000000,-5.0673022,7.31,5387.18336044,5.914000034332280,795.035,-151.138,Gaia DR2 3786697056556771584,82.0,1,1,1,1,0,1,7.31
98618,BKUP,170.371125,58.484362,7.659,5774.74228741,6.447999954223630,41.329,28.415,Gaia DR2 856774374153131008,141.0,1,1,1,1,0,1,7.659
99491,BKUP,171.688845,3.0131019,6.49,5523.22785545,5.164999961853030,-725.952,180.853,Gaia DR2 3812355328621651328,42.0,3,1,1,1,0,1,6.49
99492,BKUP,171.69282,3.0063281,7.57,4955.80520391,5.852000236511230,-728.277,188.526,Gaia DR2 3812355294261019904,88.0,1,1,1,1,0,1,7.57
9986,BKUP,24.420336,12.078382,6.776,5800.66118664,5.619999885559080,120.15,6.057,Gaia DR2 2585856120791459584,58.0,3,1,1,1,0,1,6.776
GL397,BKUP,157.85091,45.526051,8.86,4469.24225463,6.353000164031980,-566.22,-594.872,Gaia DR2 830239138487431808,208.0,1,1,1,1,0,1,8.86
GL412A,BKUP,166.36908,43.526776,8.68,4627.53025516,5.538000106811520,-4410.43,942.93,Gaia DR2 778947814402405120,192.0,1,1,1,1,0,1,8.68
GL908,BKUP,357.30219000000000,2.4012228,8.98,4880.619273555,5.827000141143800,992.665,-968.648,Gaia DR2 2739689239311660672,298.0,1,1,1,1,0,1,8.98
HIP1368,BKUP,4.2765609,40.948295,8.94,4458.14592787,6.385000228881840,567.365,83.564,Gaia DR2 383426372059603712,230.0,1,1,1,1,0,1,8.94
S101438B,BKUP,228.182415,19.292433,7.53,5489.98944384,6.184000015258790,-593.796,283.466,Gaia DR2 1212385193677161088,110.0,1,1,1,1,0,1,7.53